"","1","2","7","8","11","13","22","23","24","25","30","40","41","42","46","47"
"N10-formyl-tetrahydrofolate biosynthesis",38.4970450396962,38.5467550395706,52.6439365810116,64.8613436871638,25.8997362929376,21.9564470055977,23.1953397957744,25.8989877144663,25.4826586718026,27.1375254267659,22.5498161690281,22.989835672805,31.9732053229852,26.0449279428435,23.8626805739649,22.5644481517812
"superpathway of chorismate metabolism",7.11342905744469,6.45834457422235,11.6498130577788,6.30457041585202,12.3023342080005,11.7898716649712,11.7725954116216,12.060390948104,11.7528623117297,12.5252713334793,10.5608404720059,11.916505433071,11.5110184017849,12.0770491696082,12.2258701380757,11.8645752254364
"homolactic fermentation",130.278511358127,165.288751404682,117.202916621413,135.844998131893,65.7835982151348,51.9376159677603,55.4490581618423,71.5507887739878,70.7001388578482,77.4914061436592,66.4381726414221,54.2654499324381,71.7117012763815,73.0554601113681,56.8594827219963,54.0675768073181
"glycolysis III (from glucose)",607.272377100292,503.484578311626,650.365022263772,910.904659688455,80.3131018662755,56.9854468517776,62.6475071541854,93.0344979907291,93.7625479670759,103.439222722368,89.6017883483708,60.522023163453,105.952452928098,96.6337718745006,64.1492112078237,60.2143961653326
"superpathway of arginine and polyamine biosynthesis",2.65311004616046,2.30156253352023,10.046647545142,1.98249028335492,14.4121118045054,13.489679230568,13.7251825657351,14.6321451286673,14.4091267521224,15.1169589087654,12.841936755625,14.1558527429509,12.9799016765497,14.6242021395971,14.5433436711978,14.1673605531523
"superpathway of L-arginine, putrescine, and 4-aminobutanoate degradation",0.454408344153961,0.517284978564324,4.74546220378115,0.547899538850351,11.0122925440069,10.591707807687,10.6802775826598,11.1402113127886,10.7669638467055,11.5445469097843,9.84283983041082,10.9768419991088,8.58995883795184,11.0563650869453,11.2258695542729,11.0275776669432
"arginine, ornithine and proline interconversion",32.9896454664771,42.4474082045394,11.616907979303,12.5169356130765,1.64572635585707,1.11162152970412,0.860681424474077,0.982017420393425,1.26298398888404,0.948054691022251,0.495280948672321,0.72089420269186,4.53926805424815,1.01570336295825,1.00651358629918,0.610151889365506
"L-arginine biosynthesis I (via L-ornithine)",54.2274314011687,63.465068424569,47.0084709138605,64.2909685397003,19.9376703803886,17.5701344335908,18.1373735157717,20.9134877397136,21.5462035364172,21.1143368974357,18.0439882329531,19.1320848518303,24.3585790345471,21.0219175672853,19.9745906548781,19.1186385397563
"L-arginine biosynthesis II (acetyl cycle)",52.4853819417106,76.280759381011,33.9439236375326,46.2764170817524,18.2924100749223,16.4677839075779,16.8468071561243,18.7468501523041,18.9958111166763,19.1127801855274,16.1991365424382,17.5148454894687,21.3176804320773,18.7963316029314,18.1504371531948,17.3987468253745
"chorismate biosynthesis I",28.4795465930264,38.9354478131586,20.1154731896686,25.6781933373374,12.4306007017546,11.5701551909159,11.6645976811318,12.2311189837755,12.2147405859542,12.4309482095139,10.392332949836,12.1103105171017,14.3007806271986,12.2389772429822,12.5207773135986,11.9753909962282
"superpathway of L-aspartate and L-asparagine biosynthesis",25.8639120157735,27.8485843482322,34.5426929871647,44.7522512537801,18.2860742202537,15.9502793866656,16.6163262050369,17.5563328426906,17.1641114997829,18.1900813484946,14.8284891221816,16.703366776711,23.3530555362786,17.6390187623247,17.168542186344,16.1645819608339
"L-arginine degradation II (AST pathway)",0.969257146688904,1.36921234150896,3.6955257681854,1.97982266959206,8.41344183209045,8.27801363356726,8.32946437250691,8.47345711588964,8.08533785625651,8.86779593062765,7.53110644686315,8.52050133238616,6.19669589624772,8.39091893019273,8.62626203036711,8.530149120791
"biotin biosynthesis I",13.0438799236319,10.7843507489917,16.166340651124,18.5300480618954,16.619435742554,15.6838284494069,15.9627375885055,16.4614859239128,15.9955143881862,17.1887996599326,14.5639810534836,15.9880260049947,15.1358989867842,16.5105383883206,16.3419639332347,15.943445512654
"superpathway of branched amino acid biosynthesis",47.4962408877626,70.3239483714541,27.3614625656906,35.3122510624937,18.0084693381221,16.5248096387838,16.482278107017,17.1528442083134,16.8461461381108,17.8125408904805,14.6276345262415,16.3545900590414,20.3438943228536,17.2162373499547,16.8055799687318,16.0383674732509
"Calvin-Benson-Bassham cycle",92.5727441645265,114.734206045829,85.6091329705475,105.473029969473,42.8898938877698,35.8475630038723,37.6969285498287,45.1240678067509,45.0120000587716,47.6359644721593,40.4706441402151,37.8907970968157,47.8666682671927,45.7196731340069,39.5238459238889,37.7009924340337
"pyruvate fermentation to butanoate",1.75915368361009,2.79117589719834,2.43962073956109,2.89617922501088,0.481362793655139,0.172239859691669,0.290522306091102,0.268610914127657,0.237468253239163,0.264630753787428,0.0594172663244588,0.276275380853465,1.5114705063558,0.301251798498275,0.254878294730261,0.164669388155946
"coenzyme A biosynthesis I",585.326873838789,482.007760291907,628.330702929379,882.047740658938,73.1954602325905,50.8390453073207,56.2858057643198,85.4556964522754,86.3647784049274,95.3822177895682,82.7521516315465,54.0795589022728,98.7694062773841,89.0425689557603,57.5473211944271,53.8156156655208
"adenosylcobalamin salvage from cobinamide I",2.89383639434533,3.94650908048177,6.26105467499038,5.17215503797238,9.2068622905191,8.7872693011164,8.9479227598138,9.07416479751427,8.69905561956731,9.47804305805197,7.94941925780519,9.09835796804569,8.04798409464436,8.98279893637777,9.26902105290493,9.03830871354621
"colanic acid building blocks biosynthesis",10.9565878770834,13.8589643768747,19.4090028306804,21.1889130673683,18.1600398282382,16.4009582101863,16.9747664568444,18.0404629256663,17.4215320573582,18.8806559441289,15.7630779339775,17.0582612540198,17.9581658571756,17.8979659519703,17.537833308595,16.8763935154797
"superpathway of aromatic amino acid biosynthesis",32.2713935227369,43.87110218165,22.8595054168806,29.1961930915394,13.7966606712229,12.7248691176373,12.8664006221876,13.6396745844178,13.6233758233167,13.8895846183056,11.6203532563939,13.3291475196109,15.9395705936657,13.6582009608683,13.791224214807,13.1823221040928
"L-lysine biosynthesis I",149.821483756004,127.128939825108,168.407278329282,277.69870533087,30.3583196755029,25.2528120787989,26.9993314513801,33.5774044386491,34.7523489717815,34.2971987525786,29.9466605457224,28.1273815630146,37.5508961821692,34.0898318406302,29.6531883290786,28.3154862213369
"superpathway of purine nucleotides de novo biosynthesis II",634.88838114795,521.259545772443,680.658582427415,951.394311857994,80.4950701156709,56.237837092055,62.0277692501149,94.0385227413585,94.6841948600231,104.905537753564,90.8835847885909,59.615108596083,107.830306488306,97.7377407493746,63.2830301549479,59.2849814953947
"dTDP-L-rhamnose biosynthesis I",57.4615663615829,52.5273133905748,66.3939000460983,114.17641861384,4.45160314986079,2.17801960581765,3.47177191207361,5.33979213932993,6.96721970267778,4.45455889617093,3.59861864211026,4.69640939742693,13.2675756027143,5.41561472253142,5.4759084943769,4.64516069380922
"enterobacterial common antigen biosynthesis",5.44499233556323,2.41253925050603,6.58317374760863,7.19925461873505,11.5622780733753,11.2364166483559,11.3562347101805,11.759860538499,11.2452052943557,12.2524718014607,10.5959409932467,11.4611937676954,8.68925315018142,11.7237518911391,11.7688236868976,11.5684655992043
"enterobactin biosynthesis",1.36277542119277,1.15723174896358,12.1463734354237,1.13632660275078,28.0684633201085,24.6449117904793,25.5841879959833,29.5435808006052,28.5140488798085,31.4477823765725,26.9940631087872,25.5699564603936,22.4759808698822,29.6185031463591,26.4028321045595,25.6625270914916
"fatty acid &beta;-oxidation I",18.4721409847556,23.0971718298406,13.4423962205982,11.2897756904901,17.3396446196699,16.9090240653784,16.9102753043138,17.1895728088188,16.5249183107584,17.9823666865174,15.1769959807398,17.2331207524096,15.555985134081,17.1392983877298,17.5065335791334,17.2013195075347
"fatty acid elongation -- saturated",670.92242285905,552.852951612026,717.834213341097,998.508087326524,86.8964657705898,60.9549431569916,67.1812471431561,100.671347872092,101.385568328146,112.540373321134,97.3543602542447,64.1556998732708,115.280904254005,104.880788332385,68.16445918843,63.8531844934955
"superpathway of fatty acid biosynthesis initiation (E. coli)",15.5555451634168,12.3083897005502,20.3333465183243,22.8478446353161,17.2234416116435,15.8424843181316,16.3658453971351,17.4308989387641,17.1747528824208,18.3084247812895,15.6953728212679,16.3713098294265,16.2567447112934,17.6003406291272,16.8379748342553,16.3855750583169
"mixed acid fermentation",84.8685881086622,84.3863947483703,90.6160355925367,127.643899891385,24.2035745345804,21.5839269650418,22.5788836397093,26.1286388700021,27.1425304662184,26.2596070298099,22.8375380344529,24.0892225497997,28.3825430557294,26.3341645303761,25.1910379133944,24.2495026024912
"superpathway of tetrahydrofolate biosynthesis and salvage",106.485395679482,124.880114089422,76.1923205687844,105.586957348605,30.7270911660988,26.6373173201282,27.5278335243936,32.12782616263,32.3794091223314,33.2086750986058,28.3981249662868,28.1192900788901,34.4201254034872,32.3452054928165,29.3975421775515,28.0594498877606
"superpathway of fucose and rhamnose degradation",2.26684081858166,2.20779085918449,5.10728178327401,3.53346244715277,9.49656241569491,9.27861187243696,9.36627311999538,9.51987518018393,9.07635886223439,9.9492303300258,8.52198979951613,9.45071154291052,7.17337168619021,9.45618228644756,9.64505378785637,9.4958740264436
"fucose degradation",2.29150613062013,1.88173108160943,4.68795137636953,5.06838444689666,8.5316060326791,8.49617271375937,8.53002244771567,8.56076589932334,8.117443972159,8.9197671609094,7.73834890714499,8.56453841121225,6.25058153072623,8.49133637547928,8.74805582186552,8.63621286655304
"superpathway of hexuronide and hexuronate degradation",6.02277135140905,9.57077032802971,15.544367459011,12.2890763828999,12.7638362532498,11.4074488349502,11.9201590692927,13.3082976533785,13.4285771554574,13.7530213293904,11.8207094540426,12.5301572695983,12.6581747101583,13.4281540859544,13.0032173530142,12.5546948824152
"D-galactarate degradation I",0.661504564629126,0.516391499941836,3.27310334018782,0.497541041410901,9.60130260692829,9.44233539906707,9.503345703247,9.66752620984161,9.17896259608952,10.0967448591864,8.6170428087249,9.68722780548243,6.68093409012123,9.55765887867895,9.83453226884671,9.72883608703827
"D-galacturonate degradation I",8.95968374880519,12.4265273150592,18.8067846614921,18.3027495298828,12.5048441344733,11.0562049720675,11.583947447863,12.9642282350962,13.0988293850471,13.3683630419215,11.3781355405782,12.2286509772176,13.667192590984,13.0460888834889,12.6675734263705,12.1494642583271
"gallate degradation II",0.184934486408012,0.372659852977555,0.393973731779581,0.745991463531172,0.0825459581701954,0.0144881537762556,0.0164791609748436,0.0518609471616276,0.0272779586788356,0.0706558339437465,0,0.0500159336546386,0.248987554251433,0.0383108426031054,0.022026807521534,0.00339989003746426
"gallate degradation I",0.184934486408012,0.328973904111213,0.393973731779581,0.701635214416578,0.0650535836100164,0.0144881537762556,0.0164791609748436,0.0378557181172813,0.0272779586788356,0.0579232671770277,0,0.0500159336546386,0.248987554251433,0.0383108426031054,0.022026807521534,0.00297490378240937
"superpathway of N-acetylglucosamine, N-acetylmannosamine and N-acetylneuraminate degradation",627.665048255731,516.052439495631,670.615456763272,940.031591244544,78.5420537060185,55.1650770946127,60.5152817648958,92.5704188304239,92.9714365374984,102.979054286667,89.3781981706735,58.6561293773414,103.968134279297,95.8413893585393,62.0107621903261,58.3052785362689
"D-glucarate degradation I",0.588656278029393,0.516391499941836,3.27310334018782,0.497541041410901,9.60130260692829,9.44233539906707,9.50406612492456,9.66051726061665,9.17896259608952,10.0967448591864,8.6170428087249,9.68288128566766,6.6776709956492,9.55765887867895,9.83453226884671,9.72883608703827
"superpathway of D-glucarate and D-galactarate degradation",0.661504564629126,0.516391499941836,3.27310334018782,0.497541041410901,9.60130260692829,9.44233539906707,9.503345703247,9.66752620984161,9.17896259608952,10.0967448591864,8.6170428087249,9.68722780548243,6.68093409012123,9.55765887867895,9.83453226884671,9.72883608703827
"gluconeogenesis I",385.964415653362,355.743144582022,386.009466349985,592.404171859419,58.802414274188,44.891473628656,48.415906425823,65.6711427744402,67.3063955354232,69.9016934788676,60.3086314247411,48.2461559964043,76.6953067599731,67.2521647097692,50.9865761709156,48.1186954292102
"glucose and glucose-1-phosphate degradation",9.67200846252666,6.61300868657948,11.4754662070107,13.7708800223349,15.3514334115029,14.5306754422835,14.8303385125196,15.5680172521596,14.9640476992953,16.3221248395002,14.0584873007945,14.7894201469474,12.5158586328629,15.5767442451999,15.1937962463961,14.8618126715893
"superpathway of &beta;-D-glucuronide and D-glucuronate degradation",68.9821772933323,60.0111843911766,77.1667504195688,130.733818783949,14.3001994018613,12.3882333619218,13.1690014787263,15.7862518422415,16.7183872981551,15.845794729854,13.9430420461479,14.4271755554685,16.32452052368,15.9547230261993,15.2141923600834,14.6240623278375
"L-ornithine biosynthesis",13.8316694645615,16.829168747735,11.8222300900035,15.5671828511713,9.60504351302216,9.13169974322067,9.19599058459765,9.16130284047268,8.94639865282416,9.51450069924538,7.89254221895448,9.16545285415827,10.0941703671401,9.15538752526859,9.37122955097775,9.03484395020737
"glycogen degradation I (bacterial)",137.790238288864,120.584921590193,158.396293158092,265.210117062798,29.5934731014043,24.7309952270946,26.5691107428651,32.4605364605016,33.5417766901263,32.7740921749161,28.4514953062133,27.9297053959174,37.5006886232867,32.5613966318518,29.4023174305966,27.9839356738739
"glycogen biosynthesis I (from ADP-D-Glucose)",608.812251584036,490.986404969402,664.334662591199,931.957955140019,76.7938832955872,53.0594456460765,59.0200677032522,90.251192552189,91.0425720898305,100.544805666868,87.235729663702,56.9292140014014,103.797529740299,93.7620389259091,60.5105478604672,56.6846300186385
"superpathway of glycol metabolism and degradation",7.69982570659354,5.56415141847145,4.63078134540593,1.13264896820457,13.1078294736643,13.083573885413,12.579498572435,12.9709973653268,12.4586824167417,13.6770993333185,11.6086314493551,12.7148591253823,9.1933446702552,12.9333938150533,12.911086057648,12.7307453349823
"glycolysis I (from glucose 6-phosphate)",165.235196451275,200.641508518386,150.682225782082,176.833443740321,67.8345885475717,52.2801826452403,56.1648613897462,74.8821841843985,74.3114752596776,81.5691548522404,70.0943538577841,54.8173583985901,77.277200088705,76.7372596497244,57.5875843402037,54.5959765694852
"superpathway of glycolysis and Entner-Doudoroff",20.1523338263461,16.9199052190051,30.9155990235788,23.9035361431184,32.3946960810893,27.4776736610001,28.9714560350788,34.2110192502145,33.6402484079011,36.4367714435645,31.1601411094901,28.9573094532907,30.9572469370811,34.6892330436158,30.0730204660582,28.9897341914886
"superpathway of glycolysis, pyruvate dehydrogenase, TCA, and glyoxylate bypass",17.9094727449224,14.235788195812,16.894099227975,13.8819036204108,19.3330955317097,18.1098658703945,18.1594634685169,19.2087439637741,18.8422762315355,20.0820309955838,16.8755950246393,18.3257512298983,18.0338823356045,19.2634541767136,18.8178711927609,18.2471854770774
"glyoxylate cycle",7.40422895162718,5.38808810061111,11.2547425540976,7.38630302284936,11.194728052442,10.619947239216,10.667473425092,10.9781492087056,10.8761217287974,11.2715164885067,9.42655183320301,10.8826610855672,11.5546093648651,10.9282504332793,11.2210555526244,10.8203256301985
"3-phenylpropanoate and 3-(3-hydroxyphenyl)propanoate degradation to 2-oxopent-4-enoate",0.264281300166279,0.270989969548268,2.66548542685249,0.267095407276891,9.09712719875765,8.99412190536025,9.01050177707014,9.17402564489148,8.7139686978007,9.60690609602559,8.21575248847175,9.19058487620218,6.1489592139594,9.07459459448087,9.3426965120355,9.25852100489119
"heme biosynthesis I (aerobic)",17.3532460520677,30.6151505584105,9.72252014316612,9.08498692347632,11.4357559642659,10.8892125940927,10.9813862324958,11.2412675651564,10.9220825435921,11.7989425069236,9.92488598514609,11.0477565556518,10.3234570321997,11.3020867239823,11.2951722717758,10.9971476637269
"heme biosynthesis II (anaerobic)",32.4939512458246,44.9226360005978,17.6419159129324,21.3832383891642,15.0707387996555,14.4530460564576,14.32472946571,14.7090343539493,14.4146712700035,15.3829580786773,12.9156823161179,14.3350899946318,14.4516742526304,14.8427599593361,14.7143516647056,14.2687210980054
"superpathway of hexitol degradation (bacteria)",122.646407072,119.744565821399,122.328240697776,165.553467313203,32.5901620736132,28.5870190676562,29.809805499892,33.9776256311746,33.1931072254318,36.0128619168147,30.7169693433702,29.8382904491176,29.2637045111115,34.3111589803582,30.8192194261227,29.9298029041751
"L-histidine degradation I",50.5393532895814,55.9513380607125,45.0181555109472,80.6451802690869,1.97745504696944,1.23773757093759,1.39036990973819,2.61945795376514,3.56794168352793,2.02250565242271,1.78177335036529,2.29453968539967,6.57185064347737,2.60554867651516,2.6568522493432,2.3169789060267
"L-histidine biosynthesis",21.0390332669467,32.15378487651,12.7077192462091,16.283908952534,9.75869143981255,9.39664543800406,9.26565011176536,9.24129198400927,9.02159277147845,9.5604302287245,7.91296016958689,9.23101151944158,10.3346167502575,9.2559118320167,9.44629679492479,9.10716718908344
"L-methionine biosynthesis I",39.6635457939576,52.8382308472699,34.8859926244059,46.4703703100303,13.9871416289097,12.7901181289105,13.0953939005389,14.2412168656537,14.369428778788,14.4511578350241,12.2890771482158,13.6209621339853,15.9933686550799,14.2811423974013,14.1519640478185,13.5512690563737
"L-methionine biosynthesis III",17.4451216804137,27.846439565371,11.002705733032,14.2560877222353,2.15204271039162,1.37265571187876,1.30149202030285,1.274976845375,1.5280115322471,1.12048947800638,0.501142282633535,1.15168347071368,6.56296484919201,1.28445567724296,1.33504506624069,0.838230863263471
"L-isoleucine biosynthesis I (from threonine)",66.3112513706076,100.3333998803,31.5779670390308,41.3249033609299,18.7762928964805,17.12416273453,16.8964538474905,17.6211440188218,17.2914236904432,18.2838743958418,14.8047599976088,16.7895788556003,22.2806066397518,17.6982239165142,17.2301371611113,16.2811220514002
"superpathway of (Kdo)2-lipid A biosynthesis",7.71745271970986,6.50940286464687,10.1250348889986,12.4944836295044,9.42889371638452,8.95314352599506,9.16755816423612,9.17003393893566,8.8798682898992,9.49298667243645,7.9859611762798,9.16189078033921,9.12265896808735,9.13678178978911,9.42228836555015,9.13502546731055
"ketogluconate metabolism",0.49511439510439,0.215353727421991,0.0700069276168385,0.0365093136287121,0.0751007171208444,0,0,0.0676437453205339,0,0.0651680688118947,0,0.0633772045582786,0.16106928065545,0,0.01581966423945,0.0118968413590998
"lactose and galactose degradation I",571.023727319971,452.933737097963,622.670454995934,878.841533205983,65.402072955591,43.5877699799892,48.8742627529256,79.1794315904441,79.9714691196141,88.2564138070066,76.9066957296237,47.5393463333029,90.3722502374303,82.0969119584468,50.5436302507084,47.310507731417
"L-leucine degradation I",3.04441590394824,3.37058126420825,4.23370561205877,4.95010626845677,0.388487711388905,0.121316258553099,0.247751126180868,0.269540959080673,0.365211004545731,0.275033831082914,0.0649781297398583,0.240740101186232,2.06200223968659,0.320832849122278,0.261814037017892,0.161715946519385
"superpathway of lipopolysaccharide biosynthesis",0.918153429279584,0.969058688828358,6.54496600656593,1.06852649377116,9.41124325520794,8.99902511419786,9.17888344344665,9.22074724019209,8.88854119465588,9.56133443569792,8.06143500926421,9.21273973153042,8.40310846701268,9.16891843131784,9.45034999875671,9.19618139634696
"superpathway of S-adenosyl-L-methionine biosynthesis",84.7126648388548,107.317405559459,75.6487283385864,101.116406698825,26.254752133475,22.7665148468296,23.6802655729917,27.3710332442197,27.6072874488894,28.201199792415,24.0505151091482,24.220165605084,30.1639410561541,27.6102466004405,25.2782552876877,24.0996186102865
"methanogenesis from acetate",0.221405745266477,0.0450926258156239,0.260478827926386,0,0.042536119816762,0.0404971309377615,0,0.00378098199027703,0,0.0351407802754673,0,0.0456126582080916,0.19618230083687,0.0754435906969192,0,0
"superpathway of methylglyoxal degradation",0.465223328230381,0.448598308049581,3.76046327257576,0.418087637509988,9.77799328021035,9.47311621469486,9.49820655604981,9.85859254338063,9.49693275322675,10.3139821700872,8.82243066932629,9.69612281418905,7.27845355771697,9.82780711121911,9.91571389681822,9.74597941929487
"methylgallate degradation",0.231150424683817,0.465737949908248,0.492392580021413,0.932303182183241,0.103152901828619,0.0181088874512802,0.0205974288846498,0.0648162891591491,0.0340947641755881,0.0883031592545572,0,0.0625055905812569,0.311041694430932,0.0478833594361571,0.0275309033715557,0.00424979633216566
"NAD salvage pathway II",5.58237538317745,2.63774105575684,6.81319241641843,7.35748884417761,10.4178004214781,10.2570842519923,10.3418333601068,10.4531078467572,9.97359052879436,10.8683543617382,9.35971873661825,10.4325548244159,8.15206990275743,10.3917889895727,10.7117755986781,10.5076057774425
"lipid IVA biosynthesis",9.22625067141664,9.01763131268832,12.2249876995248,15.6661970475421,9.53026855771312,8.93260034663354,9.18571745147649,9.20069367299838,8.93559123361632,9.50784891294341,7.93582861639568,9.18109216796298,9.94531511566743,9.16082178391454,9.45568695000078,9.11669046693785
"methylerythritol phosphate pathway I",15.1906671025067,16.0963542154713,20.0677182684443,27.0604521447247,12.2689102089215,11.2411598994533,11.5478752236555,11.9324170557383,11.7415573545579,12.2756623138861,10.2664132421429,11.6689328926805,14.1976446119135,11.9167217249591,12.0790209679413,11.4975552869131
"pentose phosphate pathway (non-oxidative branch)",80.8667822583385,89.6605592894662,82.8698007201248,132.245580019624,24.9344479973344,22.2018292355452,22.98873740162,25.3202591989056,25.7292757501984,25.8841414445092,21.7596445303397,24.1136076147448,30.1544108717382,25.4601419824901,25.0331139287615,23.9300570277659
"O-antigen building blocks biosynthesis (E. coli)",124.30831613525,111.832087849869,142.194983353368,236.734123460546,10.1393776015267,5.09213225014004,7.89329422766076,12.1400324956436,15.4287879442109,10.3666021063905,8.41502916326309,10.2919801070716,27.2663512239169,12.3419925686468,11.8593462726358,10.1876335059189
"superpathway of L-arginine and L-ornithine degradation",0.454408344153961,0.517284978564324,4.74546220378115,0.547899538850351,11.0122925440069,10.591707807687,10.6802775826598,11.1402113127886,10.7669638467055,11.5445469097843,9.84283983041082,10.9768419991088,8.58995883795184,11.0563650869453,11.2258695542729,11.0275776669432
"superpathway of ornithine degradation",0.37969455443098,0.618253435374025,4.92066907253931,0.428808662277219,15.0508390474763,14.3683849730331,14.5798477621906,15.3834070025904,14.6530788830671,16.1576728747922,13.8425927029299,14.7452011552571,10.6850582890836,15.2491635652684,15.0310676316229,14.8111778854416
"TCA cycle IV (2-oxoglutarate decarboxylase)",20.5752313701131,21.0354369296095,17.6122005578287,18.6275714609327,13.7988505876482,13.073966483836,13.1541652461562,13.5973192149187,13.4611976551,13.985312332625,11.7175531281036,13.5045613301585,13.9302168925152,13.5454806540872,13.8889949516813,13.4291429493098
"pyruvate fermentation to propanoate I",7.20684906189235,8.82417306873028,10.7015613766098,12.5016625701689,1.76537698225536,0.742835064047564,1.06953502076955,1.13102495227089,1.34434899281776,0.968220602307878,0.260062776415148,1.11497296271322,5.53780083658196,1.25152513243393,1.13020305778942,0.766454801910821
"heterolactic fermentation",551.404787421722,445.67146425447,596.630674325512,825.510543196481,69.6992746947111,47.8312026379021,53.1375779744942,81.7854460432561,82.0597171850103,91.904414341026,79.7008060842556,50.4010093809187,92.5883825063787,85.2420677991204,53.51940878085,50.1064587153801
"Bifidobacterium shunt",651.983815175065,530.216701870365,704.744457326552,980.238113200843,79.8079114758808,54.110701132542,60.3991745953458,93.9418674806779,94.6161806307019,105.449159311146,91.4153871602535,57.4724737165789,108.415881776339,97.9531377203982,61.1239452370381,57.086323987863
"superpathway of (R,R)-butanediol biosynthesis",32.4992948675404,61.0603908987167,0.205355492135039,0.456475582219223,0.506853235716295,1.12379026982887,0.153689005640028,0.0601008572893655,0.174459361194225,0.121314442325829,0,0.083247804140244,0.205217689644882,0.124347885680336,0,0
"acetylene degradation",828.912397358817,664.455561431467,902.920474598943,1261.95338947546,106.619771966068,74.5878382137601,82.2850074331538,124.727960479045,125.785921550218,139.005408931169,120.691725053298,79.3636768413459,141.861836811448,129.643897918346,84.2973545524185,79.0366218964961
"purine nucleobases degradation I (anaerobic)",8.99041748802433,10.7601520825727,18.38388253283,11.4106515885809,7.80522161250044,4.4032198809987,6.42666236657142,11.2313511876461,13.2045290853784,9.35841107264042,9.05100554264748,10.2309134504495,14.6356069498225,10.9993068323857,11.4406228468975,10.6036960224201
"protocatechuate degradation I (meta-cleavage pathway)",0.226334086760248,0.424170196768055,0.499247289888836,0.895067210558971,0.082881506369139,0.0184385022476757,0.0209723502969037,0.0482173353501937,0.0303580490775432,0.0770370176974672,0,0.0624826320278326,0.306936862565674,0.0489305214315518,0.0278375341895955,0
"reductive TCA cycle I",14.6831786576208,14.4419917620169,15.4563224193674,15.2436231114388,8.22154825775351,5.9490301499707,5.38926838804759,5.75034622066684,5.91799491211265,5.27060976248955,2.17828005001268,5.57000711117627,13.6579716612386,5.28408786481583,5.87660735975711,4.51370060796838
"3-phenylpropanoate degradation",1.01912309697919,0.828638135838256,3.66433587267575,1.29849703513178,8.47429925498566,8.28244729923811,8.34610580268127,8.49665727419486,8.10198803308771,8.90537064644809,7.55378399804956,8.50859832207352,6.29115833723779,8.40652157767937,8.65028941525875,8.52762713222658
"adenosylcobalamin biosynthesis II (late cobalt incorporation)",0.911315592558985,1.56500830840616,0.850704551016979,1.45406920509377,0.125623957031531,0.0773105910554009,0.0293771470510662,0.112730772201752,0.194524898955523,0.082101905375508,0,0.129081748211633,0.918508791891229,0.171572622132972,0.0896157803560931,0.128014201737228
"superpathway of L-lysine, L-threonine and L-methionine biosynthesis I",57.2781423076614,61.2401237012557,56.2024788834816,76.2439904499349,24.3177046599936,21.108021947692,22.0149553365846,25.1358585371737,25.1771279675942,26.0170745087312,22.0941740041051,22.3864718167825,28.4492882997423,25.398386046688,23.3157554707684,22.2209655131555
"incomplete reductive TCA cycle",44.3770149406377,63.9217620981274,32.4119320490341,40.9113491660338,16.9748362745914,15.4562629669086,15.8594770565045,16.8284307876796,16.5307855596242,17.3645424018498,14.5063575090058,16.2682472994695,18.8522707839071,16.6516051010774,16.7651414646424,16.2066394349818
"superpathway of N-acetylneuraminate degradation",41.3616910631844,34.685183957053,61.187610511593,64.907224205171,54.9823899000336,44.9444235439192,47.6143034355817,59.2951468552983,58.2325359375922,63.8319940047016,55.2714921347457,46.7621150019295,54.9129549710996,60.3359278275804,48.7970888643813,46.7833572503442
"hexitol fermentation to lactate, formate, ethanol and acetate",127.279705395323,107.018071011564,152.620472063568,248.221596137635,46.3216281020037,39.1609896678582,41.3642746291033,51.0353550962811,51.2102330411622,53.275043870573,46.3996956703045,42.4289534696556,44.6801475031693,51.3411017571854,44.3048563597059,42.7494603685475
"myo-inositol degradation I",2.44200760124293,2.21053369106109,2.87545628689931,5.42619896371717,0.246133132353221,0.257907353854888,0.303483206626692,0.176555825923677,0.157643398204682,0.142398842126456,0.193077472388919,0.148599665964326,0.717959619472324,0.185869506441608,0.225820671632282,0.190439945843894
"phosphopantothenate biosynthesis I",27.912456278776,43.8046495900785,14.2129697458856,15.804274858825,12.2784299851335,11.5364007328602,11.3857189283718,11.7530559862145,11.478746159522,12.2600837700252,10.0300766304989,11.5146699191649,12.752965273865,11.7186969593509,11.7425179731979,11.313150243476
"pantothenate and coenzyme A biosynthesis I",44.1521215540761,67.1735296400687,21.7540526749605,22.3306579529919,18.5104847878046,16.824011857286,16.8216791601923,18.0746859562351,17.6771229294884,19.0134125897531,15.6159629458875,16.8533369393792,18.6725889846569,18.1166275975134,17.295755079833,16.6761606848788
"pentose phosphate pathway",105.571306259067,112.083679718937,104.871848043361,168.099056059301,30.6567207987013,26.6672611465899,27.7729928157167,32.1163325553118,32.4676454516941,33.1733101187017,28.2870549562929,28.5501719524193,34.3652101456929,32.3740777678673,29.7062984323868,28.4815157204293
"peptidoglycan biosynthesis I (meso-diaminopimelate containing)",625.51920736386,513.936437601459,672.063561554105,942.707453343785,78.86160012023,54.9572438980315,60.73870759167,92.1634119545846,92.9992543378906,102.759484579401,89.118266532127,58.4635315230428,106.030244822616,95.8759034279996,62.1381328656052,58.1812015468026
"superpathway of phospholipid biosynthesis I (bacteria)",629.219396878837,517.59239844806,674.472088936625,947.026046807247,79.1695846442629,55.2511262028261,61.0367821060776,92.4103118527793,93.3319828581352,103.017573178014,89.3181245936053,58.7724109028213,106.796465344672,96.1795298085992,62.4655170020122,58.4677268957698
"superpathway of polyamine biosynthesis II",1.32786980261604,1.16773786079032,4.07557454646502,1.00548976925883,0.992524643007133,0.483058957211885,0.700071818196474,0.674429779164617,0.954477174385711,0.707804423703854,0.11138283198748,0.893705819869882,3.44699960802772,0.861394138588329,0.688475993262971,0.456402329596865
"superpathway of polyamine biosynthesis I",1.36177146714591,1.17490010291031,5.63727742053351,1.00749007494317,11.3064071598603,10.9636495408012,11.0540298918245,11.2623320636514,10.8357871501012,11.791393980674,9.97260387928693,11.2485712701925,8.88734714376248,11.2199100823367,11.4390510762257,11.2545303395917
"polyisoprenoid biosynthesis (E. coli)",563.172868307663,463.239308145283,604.299333691821,847.870576530862,70.4808711924947,49.0837005660491,54.2482979451902,82.5300955946023,83.3075227236766,92.045903870362,79.8510707753779,52.262091678803,94.5145426104995,85.862878417373,55.5304456967299,52.0414128185623
"ppGpp biosynthesis",12.0763569146514,8.17640970003355,15.0855907701462,17.4184151237161,19.2153576258549,18.220849577036,18.527527879917,19.4740101858662,18.7280042144657,20.4163291007768,17.6431834323987,18.4936854849775,15.7089928057051,19.4925304574174,19.0360297971065,18.6304436502392
"protocatechuate degradation II (ortho-cleavage pathway)",1.51326526684319,1.67051598938702,1.89686400213686,2.11804838760939,0.350723493612958,0.0673133443245907,0.159479628012336,0.20833328061926,0.181723743240579,0.182991125571199,0.0726858388890372,0.101525435708803,1.03614618767946,0.15457113276049,0.183485477155231,0.114846042416233
"superpathway of histidine, purine, and pyrimidine biosynthesis",106.222058256484,96.8150288264459,136.049871544048,175.738335231197,55.5100421932905,42.967349872898,46.3082425558138,60.6685532798223,60.1367861956245,65.7853148783769,56.4033966156643,45.0262349113343,65.0373862088608,62.1415478531312,47.2914628191926,44.8251682858993
"CMP-3-deoxy-D-manno-octulosonate biosynthesis I",8.81042929512764,8.58461508165035,12.1361823873042,14.8530173525896,10.7059027508754,10.1005746839354,10.3590360441373,10.3858558132086,10.0524274933516,10.742979300442,9.00481375200368,10.350610957074,10.614838419052,10.3348346358529,10.6626049830547,10.3194554094741
"photorespiration",1.5693341819239,0.942845296763087,0.924812249956353,0.891367287745662,0.156737967813753,0,0,0.159061800319331,0.0519566334305377,0.150641032887513,0,0.0158220456541668,0.977144006383847,0.0522170903342792,0.0716188959119325,0.0236968216657356
"formaldehyde assimilation II (RuMP Cycle)",69.5697081840177,95.2430675465907,2.58003680146548,4.67999166288357,1.9163990497032,3.69998223390586,0.737139633770651,0.428101292846337,0.776236702626487,0.643238524221681,0.0778290082941725,0.474218263654362,1.13720136113949,0.680527315346543,0.202470783367835,0.122585678331633
"L-lysine biosynthesis II",554.218312958583,454.941648887636,597.658610406026,833.041999301352,69.6829554974731,47.9473730950731,53.27428218368,81.7427067877997,82.4773604085005,91.3158064063978,79.1453699675932,51.1398418495329,94.2744516629613,85.1018913659761,54.4098188049457,50.8973186299408
"L-lysine biosynthesis III",570.365092633961,471.687862476814,610.791837636472,856.162115914354,73.4615245921741,51.6154983989115,56.868588007349,85.3560269093535,86.1172462928634,94.9679753990823,82.1734277913521,54.8793501911583,98.7164297402995,88.7057588898244,58.2602247041041,54.5759292382946
"superpathway of L-isoleucine biosynthesis I",71.2295169269623,101.745454390469,52.3240393947116,68.4186966886746,26.5900029157635,22.806845222211,23.5343791753107,25.8671303190767,25.4339119339922,27.0391979164328,22.0952362226395,23.3557884724207,32.7587060467531,26.0819980200917,24.1012936279686,22.7319425430778
"glycine betaine degradation I",2.86373693343791,3.01650971398406,3.37338059882625,3.6452305307825,0.5049515005324,0.160227521487994,0.270160838698022,0.298232000675936,0.369224556270447,0.255745545750958,0.201557466100347,0.20159472046693,1.57754049892464,0.258704657859214,0.324588650004626,0.182250066868247
"aerobic respiration I (cytochrome c)",23.4338715746819,30.3233509371245,26.0974513491194,31.9281644232175,5.35640918452575,3.04685932975188,3.33979143350764,3.24808848644619,3.99154635976864,3.37758024540549,1.1772333237433,2.89797153404594,15.8692039982243,3.52228888829332,2.98223221339912,1.95879033727801
"urea cycle",27.6861921511964,48.1441447397242,3.09082083699606,2.82506945534198,0.873793706244932,1.10992385301357,0.346629632303013,0.325524872489532,0.421334620449791,0.316056010985711,0.113433354512366,0.210205451790637,1.56548652571038,0.307488032561565,0.233339750344534,0.118670257925108
"biotin biosynthesis II",0.254251984725435,0,0.323797273639396,0,0.0414534907516876,0.0408363124495893,0,0,0,0.0375258058097383,0,0.0711755998127309,0.216419703526731,0.119451808307055,0,0
"4-aminobutanoate degradation V",25.3187926304116,44.7958456254875,5.58057325305894,7.91919371748187,0.926212240636391,1.11052402052253,0.488287874425631,0.449898107456195,0.610335415257411,0.465429290877398,0.181774498590454,0.438893438781627,2.69273474419365,0.514582637468723,0.394339286713395,0.259870633711511
"L-histidine degradation II",0.996491467370334,0.250551333791518,1.12392479450712,0.495695698248477,0.0857687436271273,0,0.109898264324862,0.0504163709052955,0.117653745040632,0.0402941794438001,0,0.00549497886853118,0.5597498205904,0.0584427295317647,0.0722733538545622,0.00742298305143317
"L-lysine biosynthesis VI",555.206156146341,454.52513270208,598.334049102105,832.992145208548,72.6501501817724,50.9635094740312,56.215509849308,84.3089095980563,84.8065225385603,94.0728492268382,81.3513693851452,53.9280954302265,97.059945379245,87.6635111841813,57.2061234821536,53.5931911335848
"pyruvate fermentation to acetate and lactate II",787.594464992195,645.215761047962,844.68341873234,1184.57740575283,95.7229639079804,65.6383662501276,72.900747335321,112.780419320141,113.857285386508,126.111323323682,109.559237676225,69.9302977113619,129.391713567674,117.455049741618,74.4752889111449,69.6253639547732
"L-isoleucine biosynthesis II",58.673033110024,88.9428113244509,29.8614154316369,38.8314531991165,18.9135453439627,17.4091407734177,17.1776103059359,17.7852734287381,17.4240987823357,18.4355329259609,14.9819384109321,17.0827032314928,21.9198983549531,17.8315128298984,17.5217315294187,16.6222002240437
"L-isoleucine biosynthesis III",37.9899041540557,57.0388680724955,21.7428594718273,27.9074966578416,18.3161950654222,16.993292911868,16.8182762244371,17.4500846347598,17.0131803285315,18.1445655068599,14.8555440734791,16.8005782129589,18.1414186507555,17.4749672123276,17.2099294835742,16.4153256926727
"L-isoleucine biosynthesis IV",11.5817773992356,17.3390509573982,18.8901671336305,20.0241167863618,15.1721291458015,13.8173124395594,14.04008128179,14.5624188558343,14.0637679041609,15.129492198022,12.39295720991,14.1868320166125,16.3930211471738,14.3712577848711,14.5499584345279,13.9882640966024
"superpathway of geranylgeranyl diphosphate biosynthesis II (via MEP)",21.3911691157648,22.6514748184328,28.2015215085143,38.1044676184419,16.3525799155542,14.6152275918365,15.1249567316487,16.0900950630411,15.8461017590721,16.6426472869355,13.9413824342113,15.1983853430862,19.1280691085995,16.11194437323,15.7752212043681,14.9832231952974
"L-arginine biosynthesis III (via N-acetyl-L-citrulline)",16.7982109188821,15.2578255200066,20.2716334538519,24.5758903178028,16.5360246076638,15.185770772215,15.6036956935168,16.3786978459158,15.9449643809059,16.9957150964342,14.3681454347032,15.508898756896,16.5900556577489,16.4276931635229,16.0588738666391,15.5245009292011
"glutaryl-CoA degradation",0.134094207397334,0.744573903820417,0.479027124124963,0.861644247155076,0.110884988438478,0.0357576372321735,0.0854808238319314,0.0880046999585615,0.0588184581756918,0.054727549484495,0.0389437894605244,0.0751939556458466,0.408805224806931,0.0578274273022288,0.0429008641111552,0.0495112501209339
"toluene degradation I (aerobic) (via o-cresol)",0.934776517929123,1.14892956437649,3.42790380427896,1.47093746799275,10.7668954683178,10.490162928692,10.5473052772267,10.8943730097985,10.3553424791864,11.4417612483728,9.76071933944148,10.7637165495342,7.50207703171688,10.8208392386513,10.9401839031957,10.8128455122953
"toluene degradation III (aerobic) (via p-cresol)",0.490827920558016,0.4207930753871,1.10976027797641,0.514215360060549,0.198232656024472,0,0.0972831297096383,0.139888018021967,0.120807789236851,0.0857211108813942,0,0.0441866484792311,0.773038588194757,0.0833511611877353,0.111838244497381,0.0803092380469032
"toluene degradation II (aerobic) (via 4-methylcatechol)",0.934776517929123,1.14892956437649,3.42790380427896,1.47093746799275,10.7668954683178,10.490162928692,10.5473052772267,10.8943730097985,10.3553424791864,11.4417612483728,9.76071933944148,10.7637165495342,7.50207703171688,10.8208392386513,10.9401839031957,10.8128455122953
"tetrapyrrole biosynthesis I (from glutamate)",19.9731259627456,30.6873136788925,11.1949992504522,14.4557884227713,9.59488688131727,9.30619432584932,9.14981763554695,9.10475412417954,8.89945009878119,9.50421440534588,7.9045526971053,9.13661408446801,9.77435514247037,9.15834898420852,9.32451570486613,8.99431026441716
"tetrapyrrole biosynthesis II (from glycine)",19.4560793999548,29.4060984199558,11.145056114308,14.3497392883273,9.52463373805095,9.29458095415756,9.10189009090228,9.06240994262369,8.86198521916729,9.47990793012601,7.8895069176859,9.10948774532043,9.66495376731815,9.1302721488282,9.29032406770133,8.97029132958047
"peptidoglycan biosynthesis II (staphylococci)",105.063883609696,162.020055383482,0.820215483986428,1.8219802140805,2.01619183611568,4.25653240935609,0.542528543782692,0.184587698336957,0.596227256774507,0.449589384801722,0,0.341861153355696,0.427800252198932,0.473457245160109,0.0271097068668748,0
"superpathway of L-methionine biosynthesis (by sulfhydrylation)",24.9354857680837,35.9857774259939,13.9678457543231,16.1333691867312,5.91656425886523,4.09724732948757,3.9277281812135,3.88855118496627,4.48547698940356,3.5116276412122,1.68323102324188,3.55459996673666,11.8095559407479,3.91329709157425,4.03153100707853,2.69733383191351
"superpathway of L-methionine biosynthesis (transsulfuration)",44.7570984143281,52.7586033283163,47.5770142237397,62.7449765031758,20.0930091985971,17.7860535369741,18.4037089134613,20.2311397141884,20.1958759177372,20.7767931937609,17.4370795393686,18.8241566449836,23.9643055221864,20.3399973739483,19.5174941756032,18.5607187875236
"sucrose degradation IV (sucrose phosphorylase)",9.67238710774951,6.61319899541534,11.4762689548708,13.7715853669519,15.5340254993147,14.8559848536785,15.1116032829971,15.7070671200938,15.0845452012067,16.4519769008299,14.1682658381382,15.090851283063,12.5661161818582,15.7057022916564,15.4822640055986,15.1707686760797
"catechol degradation I (meta-cleavage pathway)",0.39393149662453,0.53218001632654,2.88779007384984,0.425719657434109,1.40980191288649,1.91463338693042,0.582521896675013,0.447942482991656,0.651706913506424,0.580125050776493,0.161022261671969,0.460001428017338,2.02772239108691,0.67091385798614,0.425947702417615,0.25451573253058
"catechol degradation III (ortho-cleavage pathway)",0.257227522860974,0.165418567196462,0.390671641506489,0.133817701648863,0.0764584450243901,0,0.0369708425561847,0.0421536588449658,0.0400737889397298,0.0346991497426406,0,0,0.214190236518674,0.0132750055223103,0.0449801734754535,0.0362859736389519
"catechol degradation to 2-oxopent-4-enoate II",0,0.21179999347359,0.0303136210481608,0.383853595460575,0,0,0.0108613769788979,0,0,0.0351883327281593,0,0,0.0889003909077954,0.0621271235172836,0.00225330694011218,0.00778310296837442
"catechol degradation II (meta-cleavage pathway)",0,0.286445655081811,0.0527464828907234,0.417391200660815,0,0,0.0189940968056274,0,0,0.0614519178218313,0,0,0.154351952858168,0.108302313969775,0.00394273436355048,0.0136137508811849
"aromatic compounds degradation via &beta;-ketoadipate",0.257227522860974,0.165418567196462,0.390671641506489,0.133817701648863,0.0764584450243901,0,0.0369708425561847,0.0421536588449658,0.0400737889397298,0.0346991497426406,0,0,0.214190236518674,0.0132750055223103,0.0449801734754535,0.0362859736389519
"glycolysis II (from fructose 6-phosphate)",168.314851905367,206.188829338201,153.060265282681,179.158152342241,71.9435420795583,55.7124532057564,59.7746616566329,79.1816299854467,78.5231895701176,86.1856865979185,74.0461847153408,58.3348933359037,81.1686079047031,81.1102838821727,61.2740224740714,58.1269383895076
"L-glutamate and L-glutamine biosynthesis",4.42982995111162,5.39825036557245,5.53011719059906,7.83464663767131,0.757188738113945,0.32501717612907,0.60714875308221,0.544187243864301,0.683245718681977,0.569842204079946,0.213294535387305,0.595998394110197,3.01492448404488,0.607805065901256,0.59781032547262,0.362204075231463
"adenosylcobalamin biosynthesis I (early cobalt insertion)",0.424994295100452,0.595654212226495,0.611385327484889,0.168007410309647,0.129545706441346,0.0585543664589529,0,0.0073356613692574,0.0444919443035499,0.0863072733455016,0,0.0993611841424041,0.466838977147049,0.13843495359897,0.0579659438518683,0.102833385603547
"adenosylcobalamin biosynthesis from cobyrinate a,c-diamide I",2.85553675980404,3.85694078697746,5.87865919741219,5.04483497065419,3.40130541071634,1.59362800205856,2.62938411241086,2.35987404668195,2.87347314062569,2.30467197322975,0.894175791310608,2.50205718368082,6.3926664910126,2.42834843291247,2.55628324637612,1.80440152760635
"GDP-mannose biosynthesis",15.7636609087597,20.9215476304934,29.6290898422701,31.6439565845376,28.9450813990166,25.4924146433073,26.5621889020059,29.3568064752836,28.4611346154712,30.9918545512066,25.9872289355022,26.6478060603256,28.5084549107619,29.2473445240648,27.5032743773963,26.3989448190477
"CDP-diacylglycerol biosynthesis I",648.857183928264,533.943309285206,695.40812181829,976.209055086612,81.8059853470843,57.0527428602081,63.0649181055136,95.3438065019211,96.3096349419847,106.250439389102,92.0634683423787,60.709634330157,110.763639113224,99.2188190435006,64.5617368576962,60.3832680759093
"acetyl-CoA fermentation to butanoate II",3.7284480083637,4.44060046488859,7.31668094250861,7.45444647025029,1.72283663252519,0.50161452150067,1.02199179410853,1.02109595248447,0.913396121475086,1.02717192190944,0.191662437472118,0.95501569971554,5.54650308958965,1.0933630760956,0.879292162149276,0.575629923052684
"succinate fermentation to butanoate",0.330829947073004,0.419677844401183,0.650525375965695,0.524013609877502,0.104555847815517,0.0437548252024617,0.102095108126104,0.0864373384900998,0.0831148823206415,0.0501226418178535,0,0.112125481187863,0.502270799566981,0.0753517077564238,0.0657461727218517,0.0405322439733509
"UMP biosynthesis",616.654928476644,508.139671027087,661.963113274302,928.217788864536,77.3364589323317,53.6946748621622,59.4379285686334,90.2741360627159,91.2133137803718,100.653911115112,87.1901193420642,57.2909311208292,104.833472099412,93.9386318352907,60.8863067136303,56.9358471568325
"urate biosynthesis/inosine 5-phosphate degradation",97.418128317228,84.9118232707444,117.47418634042,182.375689302381,46.2018228006544,39.7610496321046,41.6333808219331,48.4758302254198,46.9885178672877,51.604384087114,44.0863422962604,41.6176840046312,43.8598670489888,48.6596913411112,43.1177272183808,41.5882131623743
"allantoin degradation to glyoxylate III",0.407145975370801,0.64581987338705,3.01733848847499,0.461912714084207,8.43434394364926,8.30298142179904,8.3185340218822,8.46342572588186,8.04300118777849,8.84748686280766,7.55378399804956,8.46691943565507,5.9632142061719,8.36472410634187,8.62192462602796,8.52982354137125
"2-methylcitrate cycle II",1.56972813080574,1.89619153657751,4.30340507033573,2.74433313761106,8.52155881584811,8.37426537381512,8.41226311813501,8.51532988085817,8.15518427513944,8.90035618237376,7.58137790924846,8.51621801026508,6.46733733670725,8.45690578133363,8.68502115354063,8.56892826287026
"1,4-dihydroxy-2-naphthoate biosynthesis I",17.0921299386344,26.0828701228422,7.60515672018638,9.09428025790046,9.92185948390607,9.97643376498054,9.64953902859697,9.67012906360396,9.30271885715217,10.1268515926753,8.62958482290204,9.7036067253497,8.09535688136086,9.6862970358189,9.8914288909651,9.7169926827156
"superpathway of menaquinol-8 biosynthesis I",25.2003912581401,33.8647632746289,14.8869101765568,18.5120510860585,14.2876646974703,13.7028148016683,13.5298958621168,13.7354979341224,13.3562712739861,14.3829815275679,12.0618027398137,13.5040789915268,13.6018015238579,13.7808175636399,13.8420926275975,13.4007927806586
"superpathway of menaquinol-7 biosynthesis",29.8912035339893,44.8837162993196,15.6711756747652,19.4383535905882,15.0904103420801,14.4252270455839,14.2326055177375,14.5335443017533,14.1397654318032,15.2331160637452,12.7843888731505,14.2049287429759,14.3336927576806,14.5918385820147,14.5658239874969,14.0990361561413
"superpathway of menaquinol-9 biosynthesis",17.718614046538,17.5526440167536,13.5841020257614,14.2081624517183,14.1639769878682,13.5761867865791,13.431675997847,13.667105381019,13.2821740380572,14.3149666185299,12.006624015833,13.442940956283,13.1783584964765,13.7146568572629,13.7629863043349,13.3440838458843
"superpathway of menaquinol-6 biosynthesis I",17.718614046538,17.5526440167536,13.5841020257614,14.2081624517183,14.1639769878682,13.5761867865791,13.431675997847,13.667105381019,13.2821740380572,14.3149666185299,12.006624015833,13.442940956283,13.1783584964765,13.7146568572629,13.7629863043349,13.3440838458843
"ubiquinol-7 biosynthesis (prokaryotic)",8.05630475185001,6.94062376001768,9.83147497967361,11.7145830493059,10.5134445421538,10.171391151807,10.2580721589695,10.2521343132401,9.91240350444073,10.716175563139,9.03927530007618,10.2510656808331,9.63566600417193,10.2681898566387,10.5006456977761,10.235216992755
"ubiquinol-9 biosynthesis (prokaryotic)",8.05630475185001,6.94062376001768,9.83147497967361,11.7145830493059,10.5134445421538,10.171391151807,10.2580721589695,10.2521343132401,9.91240350444073,10.716175563139,9.03927530007618,10.2510656808331,9.63566600417193,10.2681898566387,10.5006456977761,10.235216992755
"ubiquinol-10 biosynthesis (prokaryotic)",8.05630475185001,6.94062376001768,9.83147497967361,11.7145830493059,10.5134445421538,10.171391151807,10.2580721589695,10.2521343132401,9.91240350444073,10.716175563139,9.03927530007618,10.2510656808331,9.63566600417193,10.2681898566387,10.5006456977761,10.235216992755
"superpathway of demethylmenaquinol-6 biosynthesis I",16.4911719224946,14.3862882628036,13.7440484776521,13.0058380371339,18.0407814838538,17.3818719459223,17.2283366350264,17.9057480135356,17.2726968371622,18.817103581301,16.0095191111857,17.3114795171802,14.9787251827018,17.9741294261398,17.6966027070256,17.3150612052764
"superpathway of demethylmenaquinol-8 biosynthesis",28.1653204702382,35.2767906031062,15.8490596349555,19.1044852624575,18.3441881938673,17.6959251867957,17.4723767825833,18.0826915389117,17.4616632483212,18.9942082659193,16.1573544664503,17.4642103043103,15.8183076508059,18.1453853311262,17.8938365343054,17.4588627389566
"superpathway of demethylmenaquinol-9 biosynthesis",16.4911719224946,14.3862882628036,13.7440484776521,13.0058380371339,18.0407814838538,17.3818719459223,17.2283366350264,17.9057480135356,17.2726968371622,18.817103581301,16.0095191111857,17.3114795171802,14.9787251827018,17.9741294261398,17.6966027070256,17.3150612052764
"superpathway of phylloquinol biosynthesis",19.449014607363,29.5701399387038,8.6758880921477,10.3774775181584,11.0860024903895,11.0157276782844,10.7058637585919,10.8492271345675,10.4470450853167,11.3756765459271,9.69679052908524,10.7494134100146,9.13219094742343,10.8756134492643,10.9735815212201,10.7615005571166
"superpathway of menaquinol-10 biosynthesis",17.718614046538,17.5526440167536,13.5841020257614,14.2081624517183,14.1639769878682,13.5761867865791,13.431675997847,13.667105381019,13.2821740380572,14.3149666185299,12.006624015833,13.442940956283,13.1783584964765,13.7146568572629,13.7629863043349,13.3440838458843
"superpathway of menaquinol-11 biosynthesis",27.9126781764532,42.0228310905639,14.4449805587186,17.8622897952948,14.3243342950352,13.7941428902935,13.5694484521638,13.7780925237934,13.3897140513263,14.435182862823,12.1219497627708,13.5493547913533,13.4289868697406,13.8275642268913,13.8806410055373,13.453568476146
"superpathway of menaquinol-12 biosynthesis",27.9126781764532,42.0228310905639,14.4449805587186,17.8622897952948,14.3243342950352,13.7941428902935,13.5694484521638,13.7780925237934,13.3897140513263,14.435182862823,12.1219497627708,13.5493547913533,13.4289868697406,13.8275642268913,13.8806410055373,13.453568476146
"superpathway of menaquinol-13 biosynthesis",27.9126781764532,42.0228310905639,14.4449805587186,17.8622897952948,14.3243342950352,13.7941428902935,13.5694484521638,13.7780925237934,13.3897140513263,14.435182862823,12.1219497627708,13.5493547913533,13.4289868697406,13.8275642268913,13.8806410055373,13.453568476146
"superpathway of geranylgeranyldiphosphate biosynthesis I (via mevalonate)",134.912671604714,185.864163722829,86.2525768401608,100.326823972523,43.2070222623103,33.6459115974246,35.8875221568584,46.4608491840341,45.7426631282031,50.2637821378044,42.3910335865935,35.1525651564672,50.8167638321321,47.3809154475694,36.7933957081006,34.7947160425855
"TCA cycle VI (obligate autotrophs)",44.9707729428726,44.9601834733845,42.9846292966529,63.9435527882035,12.3878753026591,11.4506600092611,11.8518648120478,13.1608648233521,13.7448405034421,13.0578637912163,11.3318531600281,12.8541414920794,14.4679516260513,13.2097914118626,13.4127591422757,12.952781651891
"superpathay of heme biosynthesis from glutamate",17.7923788929656,24.8917405158241,10.4189513351196,11.5666052992677,10.226219658624,9.87534320892065,9.78694620143719,9.84157529465112,9.594161381691,10.2918731392918,8.59967588879122,9.80450163856399,9.90833261261387,9.89640033231088,10.0142665142939,9.69672344155222
"superpathway of heme biosynthesis from glycine",10.9527503790444,11.4245443154084,4.64663049069126,5.73732421255701,0.928686460121257,1.60579031881772,0.572983501667307,0.520331384413198,0.644648463135762,0.627133650305201,0.353456669984249,0.518217229528776,2.75566070440736,0.590342186213572,0.61840813818131,0.338527278426478
"palmitate biosynthesis II (bacteria and plants)",30.1649398551203,24.0581579944127,38.7295816606492,43.8478940370936,30.1665541388752,26.9035677413387,27.9879799827529,30.9327969633923,30.3482668087583,32.666471349397,27.9693197957468,27.7481340761967,29.4806756868159,31.2258685032979,28.5673005249365,27.6874554242123
"cis-vaccenate biosynthesis",658.010461363317,543.435972955892,705.430402874176,987.543554306107,83.7184800660131,58.3772385435836,64.573318044714,97.2345917460319,98.3298134583595,108.396921819376,93.6986414757636,62.1387958728309,113.019717695733,101.221648476284,66.0500570810239,61.791905821374
"stearate biosynthesis II (bacteria and plants)",17.142857050502,14.0524727303348,21.0605679167204,24.2456572327166,17.1275022357926,15.8592971984505,16.2799503303167,16.8559738827784,16.4785393106726,17.5226175108733,14.720143410063,16.1459408888538,17.0573444247781,16.9027942244403,16.660571416599,16.0839085299789
"superpathway of phenylethylamine degradation",0.401224863118139,0.437669630893169,3.63270342563982,0.434402773004774,9.97309024053143,9.78279583988578,9.84684748686841,10.0327242987644,9.54216770154104,10.4712123594347,8.89312577318728,10.0325752736547,7.24427213310157,9.91980522239988,10.1777475907514,10.0619718447057
"5-aminoimidazole ribonucleotide biosynthesis I",651.013711566083,535.437639553424,698.976816375193,979.841668716976,83.1810539293615,58.2781538724141,64.2430047544415,96.8741130392436,97.7027635545553,107.951775168241,93.5223655582624,61.8294755895172,111.453119210781,100.719640142719,65.657608465954,61.5162131680438
"5-aminoimidazole ribonucleotide biosynthesis II",674.69731814943,554.949314132474,724.257637596924,1015.33507623345,84.1239237247159,58.3764098211876,64.5161804650879,98.3444402023756,99.2745724856032,109.766111841974,95.1194703945569,62.0025583957831,113.847955026803,102.344582114346,65.9085766626414,61.6559804049557
"inosine-5-phosphate biosynthesis I",614.680969309032,504.929792143593,659.557757389729,925.197733998063,76.6913015155734,53.2471950229953,58.9110079018237,89.6927277232107,90.5457601341562,100.05918166785,86.7327227640308,56.6540801614238,103.72917800826,93.3268033799411,60.2538629873001,56.3681713861396
"superpathway of guanosine nucleotides de novo biosynthesis II",634.875684368176,520.356828457122,680.4887661087,942.870857711789,81.8394706610055,57.2125583692835,63.05196759432,95.2977513474199,95.6398237064417,106.777165946079,92.4231557193127,60.0644304955168,108.255104390676,99.1885571455634,63.7050246111629,59.7153692346572
"superpathway of adenosine nucleotides de novo biosynthesis II",645.400030151782,529.885431700851,691.427573331144,962.307779857384,83.4537980524758,58.6135676887177,64.5372107418658,97.079268807901,97.6099769670829,108.482747777269,93.9399434987198,61.7902360176718,110.566146766944,100.989058375991,65.5318772789988,61.4453053447555
"6-hydroxymethyl-dihydropterin diphosphate biosynthesis I",56.732169234399,61.5789572737307,52.4296530299122,90.7612821207527,11.0177291378042,10.0065425433342,10.2193083011167,11.4048993238888,12.0468564034299,11.2068733265786,9.58881268979949,11.1311226809475,14.4477619613392,11.4051329222569,11.7129489039147,11.1429981425546
"S-adenosyl-L-methionine cycle I",563.030431538602,462.206184611631,603.300828022982,846.890236483236,70.3277871845391,49.0799092718792,54.1632101595097,82.4231428274633,83.1630190905622,91.9320397395638,79.8587396361924,52.1748749351547,93.7874085510933,85.7526906729941,55.4889144076504,52.0112850159887
"chorismate biosynthesis from 3-dehydroquinate",30.4728908861209,41.8586832802407,21.8668853207343,28.4023734861329,11.7496312647393,10.8418781423516,10.9815054811977,11.6971437960684,11.7878234238948,11.7959325543085,9.90088238299196,11.5205005878204,14.0037964226193,11.6874349426045,11.9653253700494,11.4239775767272
"superpathway of salicylate degradation",0.289263836873927,0.188234683355726,0.447413120139923,0.153266873789713,0.0890681157264879,0,0.0431008050087724,0.0491387051753411,0.046714225444911,0.0404560682037918,0,0,0.248449835356239,0.0154834260021502,0.0524314793307577,0.0423036680618497
"4-methylcatechol degradation (ortho cleavage)",0.272222000746013,0.0908852468625511,0.441144780566707,0.153214607908122,0.0429293968529177,0,0.0420361410411133,0.0178115589085885,0.0462683959394515,0,0,0,0.251080945617367,0.0145578404558459,0.0508079556214341,0.03579494429086
"sucrose degradation III (sucrose invertase)",756.149859249836,619.27108118728,814.504993285056,1145.41420440356,98.8771207374672,69.8620880475462,77.0384635334376,115.461835713094,116.46103888355,128.272398530356,111.366416515019,74.7694381892662,129.646431638219,119.857162623373,79.3280014440862,74.6066918113882
"superpathway of menaquinol-8 biosynthesis II",1.87269415690841,3.25960097087868,3.81782754885081,5.01129019388843,0.446124372548182,0.221784657836472,0.369980377310277,0.372993269341546,0.466501539062702,0.225201547303344,0.122359634053146,0.350309152625978,1.89800537983582,0.31348560365626,0.3189957627716,0.277472574160309
"adenosylcobalamin salvage from cobinamide II",2.87625994098485,3.86998907258055,5.99178324386157,5.06288020099735,3.96341595692629,1.87638399706277,3.0894155923682,2.72627670820227,3.3241126929265,2.73575691374883,1.04981876453278,2.84790340290768,6.70817173575697,2.88175994108864,2.99126244875927,2.11497661058913
"superpathway of 5-aminoimidazole ribonucleotide biosynthesis",674.69731814943,554.949314132474,724.257637596924,1015.33507623345,84.1239237247159,58.3764098211876,64.5161804650879,98.3444402023756,99.2745724856032,109.766111841974,95.1194703945569,62.0025583957831,113.847955026803,102.344582114346,65.9085766626414,61.6559804049557
"palmitoleate biosynthesis I (from (5Z)-dodec-5-enoate)",18.8707224234746,14.8913719636194,24.7518979948501,27.6918859947177,22.2362018331231,20.5346000393377,21.1618290630559,22.5119006636154,22.014890629174,23.6503448058063,20.2506136735932,21.093825006386,20.5670627604514,22.6510421114723,21.5947855063992,21.0586666388298
"galactose degradation I (Leloir pathway)",588.293483831505,487.257418586224,629.356474017939,881.909866343066,75.2521180416958,52.7869602478884,58.2559288660293,87.525094987826,88.3551465969627,97.5750530417291,84.630502534889,56.063632296246,100.083615935251,91.1337083496727,59.5972859941999,55.8455866485632
"superpathway of vanillin and vanillate degradation",0.215484754493836,0.400922626699304,0.481961195127307,0.855977877470113,0.0712340075635551,0.0178307832743394,0.0202811218375257,0.0406793796746045,0.0286925816245293,0.072388895669564,0,0.0599745151957731,0.286725907837982,0.0470063115383515,0.0268436232673922,0
"syringate degradation",0,0.763881292230695,0,0,0.175275464339078,0,0,0.0969913081285455,0,0.166887246823168,0,0,0.492010136317958,0,0,0
"purine nucleotides degradation II (aerobic)",17.3118873892722,19.8670296575352,45.9150672702837,25.1752191992012,40.6054575449409,35.1963171252645,36.9360863138282,42.625661649635,42.219890413063,44.5271339373405,38.1129055463968,37.4988535949972,40.057128605755,42.8679066102533,39.0020178347767,37.5529509385702
"peptidoglycan biosynthesis III (mycobacteria)",625.384337247103,513.771975540195,671.95263496384,942.443605383067,78.8404480073939,54.9465616629381,60.7217889204858,92.1468288201083,92.9807013761406,102.742234301311,89.1115371045419,58.4425055366294,105.952662661966,95.8602878532986,62.1242687529966,58.1735130963875
"UDP-N-acetylmuramoyl-pentapeptide biosynthesis II (lysine-containing)",615.910972194253,506.853759112044,661.015910505949,927.724848947777,77.3961458428524,53.9422762852359,59.5957162932731,90.4803502361668,91.3289249597226,100.855450734676,87.4809911661434,57.3930779539911,104.134382667118,94.1238759735207,61.0177669201927,57.1324521815178
"UDP-N-acetylmuramoyl-pentapeptide biosynthesis I (meso-diaminopimelate containing)",642.600910451183,527.67698566671,690.695596640726,968.560475859546,81.17475785819,56.5843921878208,62.532027060655,94.8709140545038,95.7086428101229,105.783015097501,91.7418744781482,60.1859403587883,108.991171840793,98.6861195547619,63.9621592172522,59.8991374602744
"superpathway of 2,3-butanediol biosynthesis",78.9202914241447,132.407957737805,0.547300606822829,1.21616313619308,1.33397037088367,2.86942887105099,0.407643828752197,0.16005941250924,0.463485875950861,0.322745253256649,0,0.221320396609598,0.545122186562756,0.330736341437596,0,0
"Kdo transfer to lipid IVA III (Chlamydia)",8.88800802931025,8.55634543125023,11.5896517863942,14.8584545186378,9.4194669888503,8.88287457397706,9.10858157616191,9.12024148535992,8.84878430529524,9.42751807530662,7.90658945576141,9.10349595372894,9.59435177658385,9.08382978325109,9.37994034688027,9.06430374904468
"peptidoglycan biosynthesis V (&beta;-lactam resistance)",265.325137844958,254.950300430794,244.522375121384,408.760575152672,10.8543732303433,8.00540740929013,7.93102397092215,16.6370981557273,22.1726777225367,13.2699354275081,13.254705632403,13.687296620141,26.948228516513,16.9541053264771,15.5191336730059,14.4747096236993
"peptidoglycan biosynthesis IV (Enterococcus faecium)",586.830100079454,478.96605322506,632.39638066186,887.240523855646,74.1035716283718,51.5014053725431,57.0359502893068,86.824944965097,87.5630964564487,96.8478250714751,84.0755263215485,54.8136236378837,99.1596743447191,90.3298056979325,58.2728092571472,54.5866221332866
"GDP-D-glycero-&alpha;-D-manno-heptose biosynthesis",0.739254174006463,0.960439701587544,1.5201936275485,1.35215104504397,0.0583123211837689,0.0326141070624972,0.0889129103989357,0.0757657833588254,0.117394249055937,0.0719328620896071,0,0.108492708028874,0.724004625229043,0.138031317127775,0.0514630079218161,0.0494429290161498
"4-deoxy-L-threo-hex-4-enopyranuronate degradation",4.74178400491401,6.13143249492858,10.8392311323,7.8641620180028,11.1730932004655,10.1703522744793,10.5311682357184,11.5429111117011,11.5824440395777,11.8263666689859,10.1196120519601,11.1831972969689,10.7728488435566,11.5707932930416,11.5176939444446,11.1583807452837
"8-amino-7-oxononanoate biosynthesis I",13.9573311537694,11.2757778411382,18.3410871866151,20.9833735949879,19.1959994300308,17.9624277018819,18.4002335023561,19.2457477468791,18.6918656874034,20.1547663385697,17.2005338331017,18.3648901339917,17.0688616589221,19.2966431803743,18.8336832023286,18.3989853866488
"pyrimidine deoxyribonucleotides de novo biosynthesis III",3.1642178339608,5.05245648154344,4.02057862549337,4.7488685167348,0.748261987058177,0.419501340054443,0.48654425713884,0.353814859900546,0.566968653481165,0.558553884255689,0.204366460642177,0.371775825434313,2.48792571289061,0.460413529750035,0.47540140845808,0.295626339824705
"norspermidine biosynthesis",2.30116453643302,1.89942637742805,2.50242141240995,5.57826646812475,0.136872200053898,0.27627180200958,0.282332991988402,0.151894684124835,0.076389649651312,0.0951895139634771,0.17500231899474,0.0998701334460684,0.36574591362626,0.169985226821018,0.197351186797166,0.186948766747759
"pyruvate fermentation to acetone",5.11096343804285,5.59786774610057,10.4234996742355,11.1399088374061,12.3396545629944,11.6098027651772,11.8067044733821,11.9834491962832,11.4382710262337,12.4551790814239,10.3269597549324,12.0173622852886,11.6975137537981,11.7652099270014,12.2673997429738,11.9457922703759
"superpathway of Clostridium acetobutylicum acidogenic fermentation",2.26040226456959,3.58444613740338,3.13420970607207,3.72119573161856,0.618068909876885,0.221297856125263,0.373135077356493,0.345137656665967,0.305146310088691,0.340049237165863,0.0763825722486973,0.354839722301054,1.93726583247045,0.38705881739562,0.327403404910537,0.211585132551481
"guanosine nucleotides degradation III",9.98138267196407,11.6709209184516,28.4656312137776,14.3478344879337,35.0220069024272,31.8131086350804,32.9798135550836,36.0498553063611,35.5810354293701,37.286397825278,31.8449626963917,33.8345562100191,32.423504405084,36.058605935765,35.008164924734,33.92084061492
"adenine and adenosine salvage III",581.529381920105,478.493946070894,624.172636511882,884.210976946157,71.1630787459039,49.4745071793139,54.7329301406617,83.5979931236646,84.7910853634513,92.8276627391513,80.7054394370937,53.2582241790632,96.8014508436111,86.9939250277247,56.6867569200828,53.0988014035947
"superpathway of tetrahydrofolate biosynthesis",75.7213672627064,91.3923158749573,53.0017188141053,73.4108087096961,23.7261366056342,21.3080459356409,21.7652640013407,24.4310780072579,24.6229320903853,25.0068573402054,21.3485725105186,22.4769806527188,25.9503692031199,24.4912619973754,23.4321240226222,22.4380084838145
"superpathway of L-phenylalanine biosynthesis",15.5820456701538,13.4703195673524,14.3964843814302,14.0051948672582,11.9984592342113,11.305740844911,11.3373696083909,11.7408147441768,11.6004464448321,12.0248175576383,10.0506483768748,11.6715236917456,12.7560609468496,11.7368968211086,12.0158561553545,11.5442280763708
"superpathway of L-tryptophan biosynthesis",2.12764798421511,2.32779338623161,12.294300667716,2.34964398574579,12.4903835503411,11.7758218375038,11.8061867970192,12.2503322057508,12.0821755115247,12.578782505376,10.5250217173859,12.0872800000664,12.8420582670999,12.2515718764439,12.4323282715261,11.9671763448321
"superpathway of L-tyrosine biosynthesis",15.4775312389947,13.4280533306011,14.1171194241844,13.7623365046393,11.9327534687583,11.2675729884071,11.3052708394777,11.701383502719,11.5599544755877,11.9874000525945,10.030793787232,11.6368139010294,12.5733815743821,11.7054908080952,11.9748837884007,11.5168541422285
"cinnamate and 3-hydroxycinnamate degradation to 2-oxopent-4-enoate",0.264281300166279,0.270989969548268,2.66548542685249,0.267095407276891,9.09712719875765,8.99412190536025,9.01050177707014,9.17402564489148,8.7139686978007,9.60690609602559,8.21575248847175,9.19058487620218,6.1489592139594,9.07459459448087,9.3426965120355,9.25852100489119
"queuosine biosynthesis",98.6216771969465,104.109005917343,91.187151524733,152.793005524173,18.5530772849343,16.1452806044185,16.726143817162,19.6855315137514,20.6822372619055,19.6311640441674,16.7750948364336,18.122553536255,23.3562249844823,19.7551823076164,18.9703536215364,18.0958872453636
"preQ0 biosynthesis",25.561857713693,37.2982396707991,13.0319343903752,17.0045068283091,9.84954512062526,9.48803332009221,9.32806830119947,9.55197271107256,9.40603832318054,9.82244266326326,8.24005697744595,9.4786933467583,10.0323203684306,9.53900714495874,9.78376203139226,9.43555944977858
"ubiquinol-8 biosynthesis (prokaryotic)",8.05630475185001,6.94062376001768,9.83147497967361,11.7145830493059,10.5134445421538,10.171391151807,10.2580721589695,10.2521343132401,9.91240350444073,10.716175563139,9.03927530007618,10.2510656808331,9.63566600417193,10.2681898566387,10.5006456977761,10.235216992755
"L-rhamnose degradation II",0.285520103393618,0.32733549262566,0.795555410198032,0.366333417693989,0.0798735065300664,0.0361275927587192,0.0410756756212701,0.101274272219971,0.0516282246260071,0.126145597441848,0,0.115547769410526,0.462858322852138,0.0752848417138502,0.0366413224449541,0
"methylaspartate cycle",0.747707820710907,0.552526597266039,0.725923917394372,0.461135352367678,0.0275120332404549,0,0.0163064435258605,0.0478718322650852,0.070926041512693,0,0,0.0147210469231626,0.831606852165753,0.0664332722552848,0.0570290684865674,0.0688476983731337
"starch degradation V",110.202476429917,97.0189765957882,127.056765684653,215.654565944653,24.4934418784579,20.7948888068528,22.2856819582714,26.7261822969088,27.698977473334,26.7541418188009,23.2262625763299,23.6635535168006,31.0033801789826,26.730047845524,24.8945631833046,23.7218532102214
"thiazole biosynthesis II (Bacillus)",14.0136272001851,20.2745321066581,6.35519643299328,4.09030103729392,9.78386567851118,9.4114304540512,9.45010413345027,9.57277304728497,9.25869769834745,9.98288993754606,8.36087984502547,9.60586527383414,8.43290344617277,9.55367456640924,9.75393560338252,9.5232707007504
"thiazole biosynthesis I (E. coli)",10.658249028311,11.0720299241245,10.7958108045871,10.7740087184873,11.0690411705192,10.4587486739362,10.5694806799147,10.6979255920729,10.4443765491774,11.1341924438142,9.22310857295759,10.7431294439808,10.6945169305485,10.6923764085015,10.8847854982394,10.5634361537154
"superpathway of thiamin diphosphate biosynthesis II",12.0337936097232,13.826894671649,10.7518423677278,10.1247079948604,9.77147235887468,9.21662202249042,9.29525802583476,9.36261791449186,9.11072406993421,9.68267323156785,8.00406172974668,9.35995250105934,10.0483546177787,9.3319925957099,9.5777544367843,9.23145647859169
"thiamin salvage II",17.2842523989798,27.9740763274539,13.3767530894822,17.0397204664533,9.76811837620331,9.23159141307802,9.27390244492615,9.31650119818143,9.07489252574554,9.61645501525595,7.94746833621562,9.2976508425813,10.5705237016739,9.29055497747437,9.53843301849935,9.16289288741698
"superpathway of glucose and xylose degradation",22.5855199007949,28.4301632000962,32.8924096673367,33.0763584498514,26.4325208587126,23.3741302980459,24.2322304996235,27.087987014829,26.5708322978495,28.3216959262032,24.0627285643195,24.4902136265515,26.2194430753823,27.1486012031293,25.253723231654,24.3234020485212
"chitin derivatives degradation",0.915630421698383,1.23912070209869,1.09250667954483,2.19362091710809,0.184425141696831,0.101959699978805,0.123151023984645,0.107211106265286,0.133160713971232,0.104117484751,0.0864285593440158,0.0988652193130045,0.811311584340642,0.124638092796258,0.19949835145287,0.0618661442676063
"TCA cycle V (2-oxoglutarate:ferredoxin oxidoreductase)",28.8628781345549,42.0546302611972,19.6828044234208,24.1688576456763,13.7988505876482,13.073966483836,13.1541652461562,13.5973192149187,13.4611976551,13.985312332625,11.7175531281036,13.5045613301585,14.6621624140496,13.5454806540872,13.8889949516813,13.4291429493098
"glycerol degradation to butanol",14.6373104104234,15.7962766252864,28.7581181658082,31.5964758244178,23.2890530720881,20.6226240789269,21.4410362125358,23.8734356382281,23.3532171680878,24.8120238458027,20.9406852616289,21.9657102400173,23.6963165763715,23.7007687108576,22.671624577445,21.9178208146262
"fatty acid salvage",7.91218737696305,7.49314429167893,8.36842800951244,8.2508185154424,1.74189525145026,0.431594966090266,0.929586271875923,1.11367599563691,1.14267375779688,1.11202243972626,0.401317171631695,0.670699006601251,5.31815347218329,1.05648476354097,1.0355844818761,0.443594666141319
"vanillin and vanillate degradation I",0.215484754493836,0.400922626699304,0.481961195127307,0.855977877470113,0.0712340075635551,0.0178307832743394,0.0202811218375257,0.0406793796746045,0.0286925816245293,0.072388895669564,0,0.0599745151957731,0.286725907837982,0.0470063115383515,0.0268436232673922,0
"vanillin and vanillate degradation II",0.222997125934232,0.428054898552065,0.498498160455964,0.853148195176637,0.0768046437574992,0.018664949542988,0.0218285880777189,0.0439547386971199,0.0297700285861284,0.0774021365714689,0,0.0608938956790088,0.298869614091104,0.0492764602302528,0.0289965269347588,0
"pyruvate fermentation to isobutanol (engineered)",67.6195437052732,104.014657702608,31.8508884486708,41.6576923427537,19.6504859903107,18.196523549246,17.8302204887636,18.2754986524539,17.9135249797405,18.914871338743,15.2829645104273,17.7508492993445,23.1548264587454,18.3306547577256,18.1789674104121,17.1904620408654
"pyrimidine deoxyribonucleotides de novo biosynthesis I",613.966686219064,503.428628598931,657.438680881684,911.594422150389,79.6191341449177,55.925358960648,61.5414389100632,92.6878326718616,93.0102241144174,103.7715005808,89.8901596241481,58.7012781650628,104.633225164644,96.4387784445599,62.2325742473349,58.3995510257883
"pyrimidine deoxyribonucleotides de novo biosynthesis II",536.369171507689,440.29810755956,574.241187384017,802.913843517256,67.7641851462376,47.4268602027761,52.2645733395119,79.3715666774863,79.8391565736148,88.4877246750209,76.7455357706659,50.280241095818,90.4311169684776,82.4250565913955,53.3517283113634,50.0291887430301
"superpathway of pyrimidine ribonucleosides salvage",410.063014321942,368.177356917924,415.986664459033,626.889210858683,59.4271153422697,44.2655314043653,47.9382992637168,67.3735562269741,68.5770137182221,72.4427907486349,62.69915594798,47.3018389122865,78.4086442855403,69.2319474995373,50.081230103681,47.1118713333493
"pyrimidine deoxyribonucleotide phosphorylation",545.612238745024,447.607276805878,584.151150145161,810.32825224148,69.860291074022,48.8427189253173,53.8182676039428,81.4566377956075,81.7875830056355,91.248505079856,79.0337973783686,51.3096076072681,92.4451710840061,84.7846952015857,54.426753688702,51.0291636980801
"pyrimidine deoxyribonucleosides salvage",100.248388651248,105.273636561771,93.8287491680495,159.345736386512,18.5800363881352,16.3759577503156,16.8456626783946,19.8124460308562,20.6898545445771,19.718326041151,17.0382616013175,18.1691027588513,23.8878978132472,19.8437940573286,19.0610032894915,18.1838663358476
"superpathway of pyrimidine deoxyribonucleoside salvage",240.912182901227,232.573974619222,234.75351815639,374.987222222606,39.0819162722825,31.1931911561335,33.094963801728,43.1624404620265,44.4173963266317,44.8318514368302,38.778221448455,33.7859227693467,50.8619439590168,43.8546878911309,35.6327738170692,33.7185712048551
"superpathway of pyrimidine nucleobases salvage",752.949150468245,619.730133052967,807.722337897596,1134.40083506005,93.2741355945503,64.6513761741754,71.5808375444476,109.235190895821,110.356868071446,121.841679203517,105.714147866791,68.8397710441367,126.391111474447,113.69486409073,73.2383231497893,68.5168461149192
"superpathway of pyrimidine deoxyribonucleotides de novo biosynthesis",60.8723296881262,55.9919654121944,79.2329621628948,101.544980711684,43.1106385534412,35.2152862263753,37.4583728208497,45.6883933865774,44.9648335331076,48.9864630885204,41.8358238688768,36.5823839793482,47.5690485008411,46.5195908863554,38.194993220397,36.4411729909082
"adenosine ribonucleotides de novo biosynthesis",647.656557627913,532.689465047089,694.369069292895,974.418301912312,82.2292777991106,57.5423862438089,63.5113145606915,95.8523577972004,96.7582277701254,106.776967199482,92.5516452337585,61.2176368433524,110.574052665894,99.7035196537017,65.0241580852478,60.8938802537154
"adenosine deoxyribonucleotides de novo biosynthesis II",642.574703573823,526.237474441568,687.603685843391,946.645146080857,85.1583299034758,60.1081718707048,65.9602679407931,98.7700338415377,98.7766160340722,110.85002893349,95.857118431008,62.5752760056681,110.598356560762,102.771003696004,66.2275826300822,62.2000185124138
"guanosine ribonucleotides de novo biosynthesis",641.74264214207,527.205383244941,689.491983732569,966.651006180993,80.0302628662567,55.4560373518517,61.4061213893151,93.6176888248892,94.4738358407045,104.496927917325,90.583928161176,58.9905950333468,108.388743549413,97.4346719898267,62.7331065421541,58.6867767563531
"guanosine deoxyribonucleotides de novo biosynthesis II",642.574703573823,526.237474441568,687.603685843391,946.645146080857,85.1583299034758,60.1081718707048,65.9602679407931,98.7700338415377,98.7766160340722,110.85002893349,95.857118431008,62.5752760056681,110.598356560762,102.771003696004,66.2275826300822,62.2000185124138
"superpathway of guanosine nucleotides de novo biosynthesis I",656.944266318864,538.563102606104,704.507679530345,978.177146498062,84.4016855087776,58.9678964374819,65.0244516544362,98.3362583255044,98.7795347101837,110.085413948765,95.3139000804336,62.0559245196703,111.963997730941,102.338598104189,65.8396907540117,61.7062820018798
"superpathway of adenosine nucleotides de novo biosynthesis I",670.136428304747,550.516735656951,718.232281364452,1002.68990747759,86.412903772449,60.7128941398813,66.8762080519318,100.557814135085,101.241833802532,112.207345406356,97.2022083347851,64.2178485619786,114.860906224733,104.583022429376,68.1297602385582,63.8742724856946
"inosine-5-phosphate biosynthesis III",614.252631228442,504.434810383987,659.164091460899,924.401519426219,76.6226846533014,53.2141686628464,58.8605618503031,89.6396243188701,90.4973989866585,100.012132267197,86.7053336473696,56.6051168561362,103.542207605313,93.272410387877,60.1919691890366,56.3318245273761
"myo-, chiro- and scillo-inositol degradation",3.03753832437012,3.57782337635225,3.72974669731015,6.79367724843296,0.398149770438446,0.312773672699165,0.413626940468575,0.23269157422397,0.261137354024229,0.221844527146756,0.213011274822394,0.236305971772736,1.04357844058862,0.299721808969687,0.315450547692867,0.254899672422776
"D-fructuronate degradation",112.954450521242,105.920874391036,115.104551986367,194.338469100265,16.0727179615871,13.6120586030848,14.5576734251551,18.0241511250048,19.5898062666469,17.6656952643282,15.6227634429417,16.3895376628207,21.8472554392932,18.2659681223817,17.435502520875,16.5700939215727
"TCA cycle VII (acetate-producers)",24.4225819563366,37.6273586026473,7.96454027905916,5.56823669641778,11.7387113884394,11.7147254890455,11.184877528047,11.2048145994001,10.8971061954104,11.7296254579442,9.74113736003814,11.2195436401452,10.0923963914036,11.219919293306,11.4081252350118,11.1311756865127
"dTDP-N-acetylthomosamine biosynthesis",7.62152641504935,4.33075543783798,8.93683446135202,11.3634122086929,11.7463503163572,11.0629007490372,11.3864792329148,12.0268144031023,11.7552701262311,12.3794327405437,10.6339415569544,11.6795461372059,10.2404381880992,12.0129163179607,12.1034023971298,11.7562512043036
"superpathway of GDP-mannose-derived O-antigen building blocks biosynthesis",8.53545663411655,11.2931618557192,15.7104784330178,17.4810314681281,14.8170773053174,13.5664495114872,14.0065408939025,14.5989193965409,14.0768589129552,15.2541204079729,12.6776827412869,14.1032499509082,14.638618097382,14.4473683522438,14.4584221525013,13.9302062313733
"superpathway of UDP-glucose-derived O-antigen building blocks biosynthesis",12.0554700352778,9.3224782572135,14.2998128430316,17.1665316699847,18.6244606559799,17.4861335071543,17.8794666815876,18.9589065715576,18.2331553989216,19.9086283088881,17.147848937592,17.8058353976872,15.3302166697966,18.9832181424286,18.3001685905073,17.8831809406934
"1,4-dihydroxy-6-naphthoate biosynthesis II",0.665551853822548,1.22031783770777,1.53402405817824,2.01353107151185,0.157479027024543,0.0749975019006172,0.131082226856634,0.132758186185885,0.168266514648489,0.0823105475042049,0.0411595059658852,0.119476648338919,0.724684234286709,0.110684136127378,0.108511009669325,0.0958019862116703
"1,4-dihydroxy-6-naphthoate biosynthesis I",0.523567458340404,0.99745018213488,1.31328174398075,1.6656589391498,0.122190959420612,0.0604818563753143,0.103035474902056,0.110800463036563,0.121858608000747,0.0442174314869284,0.0318841243416009,0.0901838492007236,0.607606851102136,0.0968830801539959,0.0924966621877871,0.0795820793602978
"cob(II)yrinate a,c-diamide biosynthesis II (late cobalt incorporation)",1.39496239019563,1.74093345338361,2.00805293432441,2.03703586843636,0.303944316384667,0.104599298078892,0.180746009749391,0.170729421785471,0.21321136721871,0.156871590197104,0.0889445351819362,0.152491390332157,1.0834077682624,0.17347489516213,0.214106849813811,0.130988657201637
"cob(II)yrinate a,c-diamide biosynthesis I (early cobalt insertion)",0.314004145917149,0.445640798447582,0.457695004208119,0.123259939483001,0.0972146618498663,0.0446358224424627,0,0.00536280166478726,0.0452928743907091,0.065265637653094,0,0.0765373662101732,0.372759400765046,0.10521780681345,0.0429892165671258,0.0793160925685501
"taxadiene biosynthesis (engineered)",19.0603868193097,20.2351164889991,25.2586433657569,34.199450440185,15.43568209819,13.9004897826332,14.3493993849114,15.139796392788,14.8768141076936,15.6624642787239,13.1097681143222,14.419385836638,17.8200407087258,15.1531826320019,14.9385101140533,14.212480829573
"L-arginine biosynthesis IV (archaebacteria)",53.4142871447162,62.7409086873722,46.2524954146585,63.0646948002343,19.7207277688153,17.3938041251767,17.9506358822699,20.6561527713308,21.2707838032978,20.8564665024888,17.8172221314519,18.9223219411485,24.0717816571552,20.7648475881967,19.756764975874,18.9096080063671
"aromatic biogenic amine degradation (bacteria)",1.64732336462386,2.08805914723948,2.57274155597429,2.89371146357213,0.275182794103955,0.0954495388434665,0.188327268739333,0.186841425300599,0.212900111416534,0.204056198824707,0.0571470826649891,0.191414226509107,1.28296912976136,0.222940478985008,0.178189723811465,0.0909827348813324
"sulfoglycolysis",0.203198523741645,0.204556259481283,2.44582781606899,0.214464472268006,8.33316581799208,8.24461174302921,8.25633430107958,8.39890863330231,7.98780463992342,8.79874543698238,7.53110644686315,8.42434169220416,5.6480933861399,8.3190962289884,8.55965225884923,8.469798977168
"mannan degradation",1.26337005446944,1.09606246395809,1.87535857614299,1.98039317669604,0.189224488982248,0.062457606706892,0.217496031845138,0.163018060511013,0.236377943847152,0.114234360226269,0.0355569131370025,0.111486497168724,1.07820217726395,0.213107852816271,0.0962408751550235,0.0767413865374242
"6-hydroxymethyl-dihydropterin diphosphate biosynthesis III (Chlamydia)",31.5803419840968,42.6932227217524,23.05151139702,31.5926608854319,10.4917368894612,9.75876201259006,9.78279069535859,10.3026407285281,10.4478898618747,10.4379667425114,8.70889939452955,10.2089243236093,12.7580348885559,10.3135185953559,10.5738807005456,10.08463012995
"methylerythritol phosphate pathway II",15.1906671025067,16.0963542154713,20.0677182684443,27.0604521447247,12.2689102089215,11.2411598994533,11.5478752236555,11.9324170557383,11.7415573545579,12.2756623138861,10.2664132421429,11.6689328926805,14.1976446119135,11.9167217249591,12.0790209679413,11.4975552869131
"gondoate biosynthesis (anaerobic)",686.004770530112,566.494608686009,734.76572194442,1029.69382630745,87.5900451670853,61.291779326486,67.7310188692398,101.653293820552,102.766118823013,113.305367894895,98.0267471211359,65.0860231384497,117.828249909993,105.881782295594,69.2077394890381,64.7655472727777
"oleate biosynthesis IV (anaerobic)",27.6043835862411,21.8275816547904,35.8067238820234,41.0174102411853,25.4367746803352,22.9796471623564,23.9094488780412,26.4000180541415,26.1778084577182,27.5022081674769,23.7425418136207,24.1487947568101,24.765580269131,26.583262736056,24.9204888145864,24.2000423381058
"superpathway of purine nucleotides de novo biosynthesis I",633.573962085779,520.405103672709,679.399914660788,948.172479169792,81.0254901535389,56.6863731431995,62.5140218744433,94.4026003266131,95.042762535738,105.419808092684,91.3107763765196,59.9446673510987,108.12460080982,98.1987846099649,63.6378982763745,59.6234969272585
"mevalonate pathway I",101.7467897082,147.867001249147,63.0773832606539,72.8096695350921,37.4157805950735,30.1653655540124,31.8017235334208,39.4221920934621,38.5934780181198,42.3610747454205,35.5262411381454,31.3194244131395,42.5382416391989,40.0231587082229,32.6208071025706,30.9621043536864
"superpathway of L-alanine biosynthesis",118.401922192084,96.204568708364,132.910210359025,219.533521170791,40.9473374090639,35.709705544644,37.4927571834735,44.1216452975166,44.5051276100451,45.6475439707338,39.6947792641828,38.6160245363944,41.094795067762,44.5264378157839,40.2684892995072,38.8929504941729
"ADP-L-glycero-&beta;-D-manno-heptose biosynthesis",5.84913226840575,4.763655655638,7.66431448866681,9.59896241357044,8.76808912734499,8.64861316962753,8.75815382090492,8.72904248404548,8.40131290131374,9.08700097116493,7.7601008265343,8.76396869579154,7.55707860295815,8.74853702474629,8.92570351588975,8.78003702834309
"anhydromuropeptides recycling",70.4446669873933,54.9062450081623,88.8461718607632,103.478865367591,43.5509895177787,35.4952831272029,37.8079649826717,46.1015551640876,45.9021554649635,49.6752065141791,42.7732008775978,36.9645687772565,47.2492033323228,47.4054009737933,38.812011485025,36.9898694208683
"3-phenylpropanoate and 3-(3-hydroxyphenyl)propanoate degradation",0.358149284810421,0.432812519513223,3.53496284050262,0.399234231986287,11.059998958996,10.7758038773169,10.8369873669289,11.1959898210739,10.6427850478807,11.7561979366823,10.0315833392035,11.0539442958871,7.70191370513235,11.1119755435212,11.238534432591,11.1061726316889
"purine ribonucleosides degradation",581.405905647721,477.146205084433,623.338808595723,882.654687641493,70.7863276996766,49.2520993517233,54.4010706107149,83.4220901486907,84.6390101764352,92.6463409205687,80.6302374453159,53.10301590234,95.4294062095663,86.7867137478626,56.4925397666912,53.0008091935492
"superpathway of purine deoxyribonucleosides degradation",571.963785161945,469.075751790792,614.305887559121,865.630387673978,71.7225413854301,50.2684072210125,55.4234290456111,84.2155728721213,85.1736044616953,93.6250633305129,81.4362211364452,53.9094976356557,95.2529948072572,87.5620675155375,57.2635743875519,53.797310636312
"superpathway of pyrimidine deoxyribonucleosides degradation",557.666434994726,453.11561103982,600.978624655267,841.595365271084,71.4392093974703,50.2315935211074,55.2787366180733,83.690569278993,84.3397039423283,93.2920500052747,81.0878312640345,53.4497943259696,93.7225247261944,87.003268560242,56.6973506804084,53.3060420563742
"CDP-diacylglycerol biosynthesis II",648.857183928264,533.943309285206,695.40812181829,976.209055086612,81.8059853470843,57.0527428602081,63.0649181055136,95.3438065019211,96.3096349419847,106.250439389102,92.0634683423787,60.709634330157,110.763639113224,99.2188190435006,64.5617368576962,60.3832680759093
"polymyxin resistance",2.05014750481275,0.442238509248655,2.76430827520476,0.563660867140072,8.38628404947231,8.26363801865607,8.28541642115142,8.43046749422465,8.02890588856176,8.82998538233014,7.55534352089915,8.45319299752317,5.85118586259544,8.37186136882532,8.60022860922165,8.50511640320152
"superpathway of heme biosynthesis from uroporphyrinogen-III",10.1150245900864,9.77804110702575,9.10468303499031,9.6720313606785,11.8409386400393,11.486047793594,11.5569075616469,11.7769458566822,11.3853475419464,12.3068331729332,10.4708570401537,11.6343360445785,9.90582452971177,11.7934707342819,11.9046930235766,11.6547101026236
"tRNA processing",11.8233804264401,8.95399314521824,14.8470237482788,17.8984548619899,15.7500440998989,14.7003361035393,15.0619488793836,15.8171956860995,15.2744379827535,16.6265284159343,14.2244868681177,15.0023577653497,14.1588041678348,15.8622881120808,15.4530575213329,15.0219460303811
"methylphosphonate degradation I",1.63340666662086,1.62371097413581,5.0993715612526,2.06743015859253,10.7280621343095,10.4061259693649,10.4437675778229,10.6385090238097,10.1556225598861,11.0834242985876,9.38925334451892,10.6401677205868,8.35369881980933,10.5196456518468,10.8496797858053,10.6442144995105
"peptidoglycan maturation (meso-diaminopimelate containing)",599.605050532739,490.650723400507,647.437118012279,920.441545563051,81.9286054537372,59.1855824905324,64.9942560748101,95.0978623044143,96.0419747079022,104.816720522365,91.1058985450196,63.5956522116555,106.363874632981,98.4516021279187,67.3785828837959,63.5085127759117
"superpathway of pyrimidine ribonucleotides de novo biosynthesis",625.231678744434,514.297916501275,670.442551097946,934.985296530591,79.280017217998,55.2116526824263,60.995483109481,92.4277637539302,93.111562429225,103.288485643066,89.4425253010656,58.4610153844891,106.396118352306,96.1957587019527,62.0788302537365,58.1031182159257
"superpathway of pyrimidine deoxyribonucleotides de novo biosynthesis (E. coli)",581.260722166328,477.012146445656,622.657936957991,867.404927123456,74.1644505536038,51.8865993091248,57.2126160024401,86.5663352218407,87.0607141342997,96.7855521904327,83.9325081513836,54.7450127001865,98.3019528495401,90.0760335802344,58.1079284056198,54.4914650660439
"phenylacetate degradation I (aerobic)",0.533012311487974,0.567189060541321,4.05018924981485,0.595140820120393,10.4259296098434,10.205930092255,10.2768633440319,10.4761435715214,9.97074122162286,10.9330236621715,9.26550108774483,10.4703570277337,7.70050156929427,10.3622284917455,10.62209703531,10.4945902064897
"allantoin degradation IV (anaerobic)",0.306726101973447,0.3555094766007,3.16514979458371,0.304296039206607,9.47680221923072,9.34388045124017,9.38045720075598,9.5826895538233,9.12752435300754,9.98756742891843,8.55201075897074,9.58622919645246,6.63082831604199,9.46842354752781,9.75417638592201,9.65523772804519
"2-methylcitrate cycle I",1.38233180728405,1.6635020425406,4.19622857139421,2.03506636813849,8.50911310782374,8.35878922851616,8.38952416000144,8.50575807214873,8.13768512640028,8.89376640553203,7.57126999676657,8.51030790897282,6.40733204683288,8.44268640370519,8.6712288367895,8.56007351431855
"aspartate superpathway",49.4022935240974,51.334966840269,55.1700560393204,74.4237917133233,25.127564341435,21.7555062669349,22.7163879451187,26.0763036566415,26.0860993059689,27.0601635031167,23.0158259152572,23.075132035069,28.6960705881935,26.3423825132452,24.0117525695259,22.9307916269333
"superpathway of pyridoxal 5-phosphate biosynthesis and salvage",13.4441202604307,12.3847102759625,17.7194317071855,20.4288257850989,15.9797817203178,14.8317082475377,15.2844309995393,15.7101506804616,15.2632155468623,16.3987079583624,13.716924425661,15.2993845559442,15.7677282495875,15.7329172636002,15.7231789624273,15.1822464597694
"(5Z)-dodec-5-enoate biosynthesis",109.304019410771,89.1954779461625,121.079000329359,207.539197067356,24.1348975117384,21.3190122067279,22.5821068866932,26.77436233352,27.8511929236136,26.7997851818897,23.7883309624805,24.0913997415299,26.8776499107876,26.8820497178639,25.3872310861818,24.4942437023903
"nitrate reduction VI (assimilatory)",0.808062711577459,0.933391318639029,1.06051152979875,1.10579879968068,0.116723523704014,0.0673012587157878,0.103753602790268,0.0760703048921059,0.0916207829472122,0.0802323983820638,0.0292413603499081,0.105273083136826,0.466971173223096,0.132232671508272,0.101668110260612,0.0460975581254593
"phosphatidylglycerol biosynthesis I (plastidic)",617.253420602997,507.58773015164,661.492897666138,928.960864127153,77.5510588532469,54.1266638309525,59.7866257362367,90.5809615623942,91.4878900026305,101.003438416454,87.5930929583002,57.5694704617176,104.457631492636,94.2861485308289,61.1726690653612,57.2733092446814
"phosphatidylglycerol biosynthesis II (non-plastidic)",617.253420602997,507.58773015164,661.492897666138,928.960864127153,77.5510588532469,54.1266638309525,59.7866257362367,90.5809615623942,91.4878900026305,101.003438416454,87.5930929583002,57.5694704617176,104.457631492636,94.2861485308289,61.1726690653612,57.2733092446814
"mycolate biosynthesis",22.2413387747929,17.583185819886,29.1938562580821,32.6941772113528,25.2032562869402,22.9158589064041,23.7999947632489,25.5457738040459,25.0749361800155,26.8756211805831,22.8453989801828,23.6711974443749,23.6392843337377,25.7585906583085,24.3167066550985,23.5724145908619
"NAD salvage pathway I",12.6049531617898,12.2787560889866,15.7039605612732,21.9027596554067,13.0020521886022,12.2635330212599,12.4797299746446,13.0792351744415,12.5565096109089,13.687652999462,11.648081577209,12.6420361252048,11.5149832865819,13.0072043374315,12.9870870105752,12.6474693690513
"NAD biosynthesis I (from aspartate)",9.64652138958063,13.0324686756313,17.126628993837,19.0509365157354,14.4171681966004,12.9546443333496,13.4713363066763,14.1687620690662,13.7874931379711,14.7375240289862,12.1376631277141,13.5946002807969,15.1826153638895,14.0378989034068,13.9320293895222,13.4109956990813
"pyridoxal 5-phosphate biosynthesis I",7.68635924635236,7.22912022926629,10.2987114000823,11.5520762947228,9.77814268184271,9.18837645480216,9.42915004093216,9.51449164777315,9.23354726550676,9.89779173931895,8.25396502796773,9.48325639990317,9.60601276713824,9.50197678137676,9.72704830345035,9.39599323343907
"TCA cycle VIII (helicobacter)",29.1105802318886,46.896042083859,9.24215488202802,11.2665082865376,7.60378640863683,5.67419492664406,5.10657856564563,5.38993272376239,5.49206435017387,4.99778831092674,2.11800794743286,5.23975658834967,10.8164720103464,4.97667968426288,5.50427551260468,4.29054389767168
"L-rhamnose degradation I",1.83580074133261,2.31332874519662,4.95655682411672,3.04710283188081,8.66731515268519,8.36902027267245,8.4714429810543,8.60618225038787,8.25128909535086,9.00711836648034,7.61367506520313,8.62728252493459,6.88148620822347,8.54744330159079,8.79010767781967,8.63150554242747
"flavin biosynthesis I (bacteria and plants)",34.3918607745549,50.332230385564,22.3232829221365,28.8984903217801,15.0300301143582,13.9171974704333,13.910460716852,14.4047954251371,14.1427027769497,15.053412888081,12.4492064319848,13.8610394233444,16.5605220195146,14.449232451288,14.2551940074989,13.6537170773045
"formaldehyde oxidation I",89.2508212473521,148.56536593649,1.96553484734545,3.57142812688586,1.48380846768644,2.95565140928301,0.559657227042222,0.323359775099784,0.589600599577396,0.487609991418138,0.058460817971997,0.358225090256365,0.867767055390282,0.516220488145883,0.152305593243429,0.0921097950188046
"adenosine nucleotides degradation II",12.4211205397031,14.4958471712559,35.162206165143,17.8580295147447,43.0676217315026,38.1453107719366,39.6082313628127,44.6541717540994,43.0800060872828,47.3394757212183,40.381275219787,39.775757462223,37.2330017234891,44.6589684730104,41.0326392132948,39.7690198142145
"superpathway of L-serine and glycine biosynthesis I",111.084816136124,116.184935806998,107.775799247406,175.177653105246,20.0735083253325,16.9683150961293,17.9608220361823,21.0824742388586,21.9963927470781,21.0008802036861,17.4724783023897,18.9838912028147,29.1250073612056,21.0602944253019,20.0211446699241,18.9853133181564
"sulfate reduction I (assimilatory)",21.4949178530456,33.1152946878443,10.221942817865,9.95660340849758,12.1112985211667,11.7704762371519,11.6394871421243,11.7512945440817,11.4341708107976,12.2809562028871,10.2491124417062,11.83695829704,11.0069516725798,11.7673878624769,11.9575100341264,11.6494901579528
"superpathway of sulfate assimilation and cysteine biosynthesis",37.385116182798,52.3256929388053,20.0123359304103,20.6296300645542,14.504208294187,13.4279020581965,13.6027183620892,14.573220167121,14.6542835977454,14.8559502489387,12.4744169781615,14.1936846220869,15.5210153849503,14.5722552608348,14.5886405296807,14.0825388371323
"TCA cycle I (prokaryotic)",28.3846642568692,41.8096070462618,18.5254466421527,22.8975427848218,13.8345556634704,13.1993712129672,13.1770971412078,13.464033712792,13.3515121321801,13.8676560436785,11.5686511719003,13.3821078789872,14.6085872483306,13.4718091308573,13.7607202101432,13.2674956818158
"superpathway of glyoxylate bypass and TCA",12.615425216845,10.5453377643968,10.9008588810891,8.80486357471861,12.5721592149463,12.3552895927719,11.9923460119707,12.2100500740659,11.9549161528147,12.6614101998849,10.6116203691032,12.1733691915217,11.6337930854445,12.1923084484257,12.4602703651613,12.1024814144809
"teichoic acid (poly-glycerol) biosynthesis",28.8588946991458,52.5593275857173,0.932056563901527,1.1695011413737,0.576449635774577,1.35115592148336,0.204475366336441,0.0852183743488085,0.232289005555601,0.142514347175973,0.109647913405584,0.135889570268805,0.715219512167676,0.246085788240228,0.0978259703910729,0.0528449423921804
"superpathway of thiamin diphosphate biosynthesis I",11.5636350607475,12.6164344302944,12.4902091329488,14.6123383095714,10.003469485729,9.40100436099408,9.49303814405996,9.55928273231606,9.31892533725421,9.88086922216354,8.14993911648101,9.55711509009945,10.5816378486268,9.53027079395822,9.77724173593871,9.41111692533376
"superpathway of L-threonine metabolism",0.264109872160149,0.122893611165264,0.471198496407348,0.108915161043558,0.0657068898056363,0.0524440225202677,0,0.0050712730147498,0,0.0487350745469676,0,0.0921823370408433,0.306253386082822,0.148717663377807,0.0450172752094795,0.107038059375557
"superpathway of L-threonine biosynthesis",568.417348545458,469.026715561803,608.441549617663,852.433932138864,74.3550559601277,52.7130322955893,57.9200858614584,86.4572627557689,87.1227124062356,96.1351850100908,83.267558243985,55.9468454985669,98.0945387751557,89.7702707997465,59.2819572953283,55.725038876701
"tRNA charging",101.178417433515,106.559247992422,132.817057362326,179.155553014107,46.7518771451629,36.4610539042691,39.3247356325364,49.4693893361433,49.0845438825321,53.1251161062063,44.88939135794,38.3833197296136,59.4743768721465,50.3559975783257,40.3411246026178,37.9656386448899
"L-tryptophan biosynthesis",27.846985505937,41.4424985214463,16.2609516134369,20.6521106004651,13.0775294691321,12.4779800174277,12.3339950753835,12.5470329090534,12.2704224174231,13.0480595563395,10.83208850079,12.3103749678662,13.4686015700788,12.5968032234662,12.5996448787301,12.1527696739197
"L-tyrosine degradation I",2.55721048391126,2.47866180121837,3.8138603102492,3.6835743797466,0.44774333884112,0.162354408967147,0.248435872122832,0.308495401497237,0.393294572452735,0.309213211065004,0.0567795587347481,0.270051157010689,2.09976532329943,0.389339214472387,0.288080376593481,0.173609122172295
"superpathway of ubiquinol-8 biosynthesis (prokaryotic)",7.88143487455983,6.78658219410669,9.68766209924757,11.6583421167178,10.2574353594306,9.90729674684974,10.010574186868,10.0073087468408,9.67242434707495,10.4577028276767,8.81980948467868,10.0030890416642,9.43066710729147,10.0170362857481,10.2525858041274,9.98869919106998
"UDP-N-acetyl-D-glucosamine biosynthesis I",563.531542470665,462.81457191761,603.905987696804,847.775130124244,70.3781175692752,49.0656838820777,54.2000329435829,82.4570876096382,83.2305683288886,91.9783224585798,79.8634818178408,52.1910170929567,94.2684666182989,85.8071480510108,55.4595407033976,51.9862645282286
"L-valine biosynthesis",66.3112513706076,100.3333998803,31.5779670390308,41.3249033609299,18.7762928964805,17.12416273453,16.8964538474905,17.6211440188218,17.2914236904432,18.2838743958418,14.8047599976088,16.7895788556003,22.2806066397518,17.6982239165142,17.2301371611113,16.2811220514002
