,4,5,10,16,18,20,27,29,32,36,37,39,44,45
N10-formyl-tetrahydrofolate biosynthesis,26024.15331,28185.97282,27799.46309,24438.20151,26283.04474,30365.69179,24802.02247,31490.07032,24230.91546,27330.44265,35682.42412,33436.64065,30542.29243,33729.29503
4-hydroxyphenylacetate degradation,55.64147319,50.53738331,35.23307587,90.18023844,42.43681931,122.9297505,58.63187415,44.56175661,41.28427164,16.18197029,303.9078985,128.4987529,81.86188131,97.52487124
aerobactin biosynthesis,61.60591623,41.34706807,18.65272416,53.60155864,17.28522885,40.7409413,49.84629783,36.56959054,41.60424469,53.20249777,317.9584622,199.6016642,64.43003561,82.27317451
superpathway of chorismate metabolism,24115.29577,25583.96006,27135.55504,22980.33608,21290.96445,18377.84391,23380.34883,22598.2378,17113.48346,2364.825455,9531.779763,2270.054586,17094.60827,28307.87221
homolactic fermentation,30868.79669,40213.55002,40767.99789,30221.44692,38849.13903,52932.5432,30486.95952,52837.70576,38672.34298,70489.2986,32562.67777,50735.34738,53866.18854,40477.61626
glycolysis III (from glucose),32615.38542,40966.37052,41472.65038,31521.52002,38936.54187,52056.96238,32047.24193,51295.78886,37724.98662,89155.67415,39749.21906,84785.54651,54086.65675,44317.8123
superpathway of arginine and polyamine biosynthesis,23425.06262,23715.86664,25177.73793,22588.51272,22172.57695,19556.98697,22816.37493,23804.30887,18240.58757,2095.591796,5984.005039,3192.840752,18697.97324,28593.12929
"superpathway of L-arginine, putrescine, and 4-aminobutanoate degradation",21536.31214,19849.32385,21528.14653,21364.88843,19722.2136,15419.53772,21177.24861,19978.82159,15633.01559,116.443675,676.5847562,133.7306561,14462.1924,25441.2074
"arginine, ornithine and proline interconversion",2460.557582,3480.712129,3944.483483,1649.90724,1261.113545,2770.768153,2118.580041,2167.023594,1080.687433,16415.67008,8982.797739,8051.214722,3818.55125,3592.778235
L-arginine biosynthesis I (via L-ornithine),23962.54844,29611.43229,30745.903,22429.6956,23739.36807,24777.38887,23255.1192,27896.91913,20102.04995,36250.19547,30909.17661,25536.70076,24797.68869,30023.67737
L-arginine biosynthesis II (acetyl cycle),24482.43636,30085.69772,31358.27247,22802.02148,23708.64885,24069.48336,23736.38289,27406.67197,19845.91378,41687.39435,31524.9275,22312.32237,23552.40419,30253.2141
chorismate biosynthesis I,27243.66651,30099.41343,31618.99255,24776.71168,21842.82277,19880.95097,25562.46581,23498.84286,17597.99257,28472.4779,34710.35738,15180.93113,19097.43601,31482.77988
superpathway of L-aspartate and L-asparagine biosynthesis,25422.33049,24592.43992,23699.37891,24399.68272,23791.04701,25830.31608,24537.62756,27065.68289,21554.43222,23259.50338,28044.79759,26985.55729,25751.71229,33265.14986
L-arginine degradation II (AST pathway),17582.10357,15217.13778,16601.84509,17651.89282,16140.79722,12056.48692,17392.02862,15940.16347,12691.52969,736.4870802,2239.711709,987.8500466,11000.65454,20676.70783
biotin biosynthesis I,27008.34417,26369.8561,27522.51038,25907.40332,25205.78628,22781.36447,26124.13368,27253.68086,21255.73321,8515.831985,25303.45416,9498.618583,21442.38269,33034.41507
superpathway of branched amino acid biosynthesis,29363.58481,35274.00688,36385.07206,26756.13638,26091.4085,26814.05614,27830.74779,29868.0928,22032.32098,43232.43479,42139.05861,24023.75884,25107.77632,35210.86455
Calvin-Benson-Bassham cycle,35439.93818,41134.78879,41592.06255,33322.22198,37208.4559,43330.67474,33994.04183,45704.27465,34225.78437,55248.08937,44005.64114,38298.65337,43570.9787,45950.29747
catechol degradation to &beta;-ketoadipate,132.8164893,89.33270602,44.72619859,63.56378914,51.49425287,146.1652502,99.92653057,55.35390973,73.47117411,221.5434514,897.2708131,353.4570751,136.6765174,185.0341081
benzoyl-CoA degradation II (anaerobic),0.0,0.0,0.0,0.0,0.0,0.0,0.0,0.0,0.0,0.0,0.0,0.0,0.0,2.56
pyruvate fermentation to butanoate,1669.419523,1235.641657,598.5670127,757.8775736,325.2220778,1436.641928,978.8397381,684.5774379,653.1342447,2747.678049,8037.386458,3624.896977,1709.963229,1923.826945
"chlorophyllide a biosynthesis I (aerobic, light-dependent)",108.4697877,77.30309416,0.0,38.49555823,27.93336831,20.97255138,11.40034486,0.0,0.0,35.71812386,363.0906271,114.6443734,0.0,73.11360396
coenzyme A biosynthesis I,25517.65524,32414.28132,32408.84925,24488.13612,31008.47535,44122.26411,24889.37596,42150.40999,30873.28631,81325.10533,36801.28442,80043.64795,46490.44274,35073.72219
adenosylcobalamin salvage from cobinamide I,19883.78514,16929.41112,17729.56639,19152.77967,17188.60613,13940.84551,18927.14041,17190.22397,13895.32064,3277.28341,11039.6673,4610.671506,13138.76297,23422.12474
reductive acetyl coenzyme A pathway,29.92856667,33.96350128,4.999193089,9.991265536,2.999679863,20.99257913,13.98411819,0.0,17.99029761,43.98800401,73.57452498,87.94874284,13.99714616,19.9842927
colanic acid building blocks biosynthesis,25047.63429,25295.87713,25789.29213,23731.01305,24228.61239,23893.72588,23992.21091,26926.08776,21200.07569,10056.9338,22563.69736,13784.25381,23196.55174,31187.01294
superpathway of aromatic amino acid biosynthesis,28596.40139,31685.16983,33307.52957,26041.34468,22970.45096,21137.10063,26869.69792,24693.6346,18486.26598,30644.16922,36294.82541,16780.19777,20410.47152,32997.78591
creatinine degradation I,81.11183789,52.23892334,44.66815791,43.51111654,50.993695,91.93570319,26.4464912,5.959325751,48.59170938,160.9512497,441.7619637,154.5025895,138.1228523,47.25502341
L-lysine biosynthesis I,25972.04691,28901.70092,29302.4166,24450.71078,27173.59437,30584.22812,24969.88058,32741.49157,24776.63996,37342.32797,34279.22965,31262.41458,31294.72796,33324.1029
nitrate reduction I (denitrification),148.4612246,81.49397043,47.80599555,66.86793915,0.0,108.9195178,74.37523144,51.9475148,73.80469352,223.4150968,803.1505488,413.2909819,120.1251136,184.892637
superpathway of purine nucleotides de novo biosynthesis II,28100.06443,35930.08412,35975.90125,27190.3236,34749.44013,48946.22322,27542.05767,46942.12349,34436.63125,85810.07739,37409.91216,85842.18038,51214.07111,38717.85214
glucose degradation (oxidative),0.0,0.0,0.0,0.0,0.0,0.0,0.0,0.0,0.0,0.0,0.0,0.0,0.0,22.12266171
dTDP-L-rhamnose biosynthesis I,7835.469203,6709.192311,4501.355583,4795.667784,2811.9568,7584.93979,5531.454272,5059.253942,4077.512515,22336.53446,26017.886,19700.83867,9856.079871,10638.79871
enterobacterial common antigen biosynthesis,18993.63165,18126.32679,19380.13181,19081.79828,18670.43709,15214.45593,18891.26312,19605.88206,15250.1474,2574.321481,11151.59233,1973.155891,14252.93414,23300.08111
enterobactin biosynthesis,21888.74073,25512.28424,27124.95421,22167.802,26155.24589,27453.92619,22134.19658,31203.37363,23395.27381,308.3080593,1714.755974,325.4962769,26960.87292,28902.70377
fatty acid &beta;-oxidation I,37313.31398,37457.98548,39950.26003,36185.72521,33251.36765,26616.83897,36693.46771,33827.04039,26078.87331,17097.43708,19035.26807,9861.820448,24368.54936,43257.46941
fatty acid elongation -- saturated,33669.21539,41869.94541,42138.59133,32190.84621,39477.49937,54461.3553,32680.83355,52494.51514,38737.75646,90869.41568,45434.19772,92038.56131,56442.88534,45114.4607
superpathway of fatty acid biosynthesis initiation (E. coli),25104.12987,25196.19499,26345.58525,23961.7648,23648.4592,22201.67583,24289.87074,25976.09427,20208.69125,9748.443716,25844.05295,10748.59485,21108.29815,30988.0709
mixed acid fermentation,36890.40438,40820.72482,42995.05885,35085.81346,33728.26471,32226.48091,35759.60805,37400.86808,27977.34642,43142.50759,28165.5926,25775.82287,30869.3883,44101.90781
superpathway of tetrahydrofolate biosynthesis and salvage,31335.4432,36485.61731,37667.64128,29852.09371,31923.34352,34159.54502,30348.46741,37791.63054,28155.34914,49215.5216,35539.52739,30752.88476,33913.32716,39727.09524
superpathway of fucose and rhamnose degradation,18122.6868,16491.19324,17888.14023,18135.10298,17031.86699,13313.13949,17837.34891,17103.77981,13665.5658,2132.238421,5781.748956,1872.510191,12369.07546,21704.62878
fucose degradation,17704.13438,15626.62103,16919.35888,17690.45347,16164.10077,12071.71031,17386.69066,15902.47231,12716.21719,2038.243084,9661.10169,1588.127693,11122.09842,20805.95509
superpathway of hexuronide and hexuronate degradation,20629.52984,19342.63409,20675.1671,20106.86264,18684.31044,15921.56594,20058.84871,19593.24673,15228.45695,5594.751732,9410.308875,6653.829536,16103.70325,25034.70302
D-galactarate degradation I,19860.12085,17199.20007,18874.33033,20017.08485,18390.7458,13513.68952,19687.49287,18060.8866,14409.2487,323.1959378,1366.614052,525.07596,12481.5484,23373.5547
D-galacturonate degradation I,20646.30387,20053.47413,21058.19197,19653.62566,18091.4679,16273.23827,19813.54744,19300.43194,14880.15258,8389.490768,18150.2125,10166.41157,16478.21793,24902.09377
gallate degradation II,149.6808511,115.4059885,41.20481928,97.34916865,64.17977528,174.4746079,115.5464893,93.65304303,42.06593407,221.1013969,1018.696058,384.7618887,111.2886124,165.8301251
gallate degradation I,149.6808511,115.4059885,41.20481928,83.36524853,60.91375117,153.6203752,115.5464893,93.65304303,41.24444444,221.1013969,994.1419417,369.6708409,102.0449938,165.8301251
"superpathway of N-acetylglucosamine, N-acetylmannosamine and N-acetylneuraminate degradation",25387.03979,34442.90696,35805.43481,25387.91796,33926.61721,46176.40119,25789.12572,45361.95283,32811.28353,82882.48792,22500.83041,78765.15363,48239.68171,35386.43271
D-glucarate degradation I,19849.5374,17194.35685,18870.18086,20009.39698,18381.35959,13515.23715,19681.35237,18050.37436,14401.3585,332.4743894,1299.694554,545.8856542,12468.68962,23363.40998
superpathway of D-glucarate and D-galactarate degradation,19860.12085,17199.20007,18874.33033,20017.08485,18390.7458,13513.68952,19687.49287,18060.8866,14409.2487,323.1959378,1366.614052,525.07596,12481.5484,23373.5547
gluconeogenesis I,31926.46613,39836.48144,40660.38838,31096.46783,37245.17347,46093.80126,31465.71383,47312.70268,34793.63277,80016.89512,38628.55948,67324.54585,47510.46232,42697.70214
glucose and glucose-1-phosphate degradation,21053.46122,21077.70588,22164.27613,20682.17519,21170.88344,19168.51968,20578.51815,23296.39702,18007.54555,4965.145706,15809.67221,4706.616591,18009.05884,26185.38863
superpathway of &beta;-D-glucuronide and D-glucuronate degradation,21434.00778,20863.42088,22671.88678,20850.26983,19513.38654,16623.66935,20883.27645,20630.34805,15795.64604,13182.46258,9091.491634,9842.46205,17513.88395,26126.21635
L-ornithine biosynthesis,21810.54167,21867.68366,22402.57042,19787.59883,17639.99955,15890.46637,20579.64466,18660.62781,14340.55174,13344.50898,28673.91787,10992.03654,14667.78064,25110.53041
glycogen degradation I (bacterial),29343.26934,29566.73699,29876.77453,28275.60333,29565.53944,31329.24568,28070.69714,34102.95185,26521.3516,32675.54874,32388.95972,32315.81456,32777.43093,37895.63239
glycogen biosynthesis I (from ADP-D-Glucose),24326.08862,27091.20929,25926.79768,24389.93947,31152.54971,45066.83186,23550.20305,42061.29501,31813.06158,70038.30299,30687.33291,80888.87258,48058.93217,35099.60601
superpathway of glycol metabolism and degradation,21872.6815,24464.82762,25674.6747,21337.17448,22436.15071,18338.49613,22263.67519,24204.52416,17086.85916,4214.382209,3344.436435,4276.125066,16042.87875,25470.92359
glycolysis I (from glucose 6-phosphate),34650.78208,42108.58291,42535.71917,33543.27985,40339.37519,52530.63725,33884.97277,52177.42025,38404.33175,73173.30021,40697.55768,56168.00345,53563.80734,46663.36637
superpathway of glycolysis and Entner-Doudoroff,28097.42523,30729.37557,31579.34094,27470.33692,30227.86782,32361.88281,27623.89404,35749.58798,27009.71261,9828.601302,19324.85002,14519.48618,32192.29057,36352.20328
"superpathway of glycolysis, pyruvate dehydrogenase, TCA, and glyoxylate bypass",29980.19272,33152.6919,34915.93654,28661.16584,28444.68301,26444.16758,29219.79775,31461.73911,23426.55111,10336.71636,17367.5845,10958.27265,24742.26462,36097.18726
glyoxylate cycle,24652.33691,26567.63941,28313.58274,22935.25092,20352.43129,17805.53094,23486.43953,21543.15462,16263.4814,4113.846883,11659.916,5219.134668,16722.83499,28327.42479
"superpathway of glycerol degradation to 1,3-propanediol",0.0,9.994288493,0.0,0.0,0.0,0.0,0.0,0.0,7.997725076,9.995939258,24.3359297,0.0,7.998200896,0.0
3-phenylpropanoate and 3-(3-hydroxyphenyl)propanoate degradation to 2-oxopent-4-enoate,18710.3931,16237.64257,17935.23634,18988.63617,17472.39214,12668.49364,18614.11533,17120.57498,13621.02911,52.2996419,368.5377916,75.00723407,11624.30413,21994.29654
heme biosynthesis I (aerobic),20141.79993,20057.54861,21232.72903,19646.32325,18884.56969,16455.55069,19757.64247,20148.33489,15561.3684,20470.57732,13068.99954,6539.336846,15335.47704,24152.85815
heme biosynthesis II (anaerobic),25568.55776,29861.04388,31873.66178,24485.53745,23965.93831,21871.32924,24952.54675,26328.7626,19648.11514,28984.02946,26066.16001,13986.52659,20146.17215,30212.64015
superpathway of hexitol degradation (bacteria),30409.15652,33162.4171,34595.39596,30263.81935,33645.92995,34385.73285,30353.15158,38993.60685,29661.00725,23759.1225,6376.550427,16369.99952,33776.66842,39748.16959
L-histidine degradation I,3672.695453,9378.258963,10248.4366,2220.404161,1872.640316,3370.989498,3086.682911,3105.371552,1366.347424,24925.65945,13383.25047,11321.71652,4197.915906,3975.316736
L-histidine biosynthesis,22474.79261,26095.13843,27632.73975,20473.85018,18130.55208,16333.83704,21266.26224,19485.82404,14458.56049,24075.78035,29926.41429,11922.83542,14957.85994,25470.22248
L-methionine biosynthesis I,21639.48287,23589.90918,24986.26754,20745.44069,20195.42993,19443.72342,20803.246,22352.0942,17103.13816,26999.36325,20670.04708,14681.24325,18814.95776,26637.92484
L-methionine biosynthesis III,8108.909799,13274.57987,12872.96493,4769.876991,3045.22775,7249.613229,6162.802866,5310.736021,3227.337661,20403.31715,24608.40115,10049.81115,6780.584226,8805.028389
L-isoleucine biosynthesis I (from threonine),32010.16187,40704.51888,41340.43396,28550.29934,27750.8841,29110.74328,30274.80259,32171.82477,23136.06309,57517.04606,48340.68647,29148.69447,26986.95513,37752.50115
superpathway of (Kdo)2-lipid A biosynthesis,20497.3435,17763.0334,18093.08125,19403.20989,17166.06345,14547.26435,19463.38215,17600.01077,14208.01921,5312.472656,20388.08119,6052.431251,13763.72696,24358.87655
ketogluconate metabolism,93.33613518,22.8542131,45.97866634,146.6552286,15.99734398,220.1769047,60.54454347,21.13530668,85.62281773,230.4771883,1195.330687,314.560905,210.4573231,120.7410582
lactose and galactose degradation I,3052.032376,8042.844134,6829.49416,4569.104157,14968.03143,29933.87779,3986.136918,25405.31516,18129.53679,57398.63842,4311.466019,67237.97794,33772.57429,10817.23848
L-leucine degradation I,1749.473806,1178.955462,605.3625745,878.7770878,470.0566191,1628.049487,1150.204968,786.9777139,781.1172822,2846.022062,8551.296601,4219.815555,1578.373879,2060.265642
phospholipases,4.488489239,3.49103646,0.0,0.0,0.0,8.471118763,0.0,0.0,0.0,9.932590368,64.10410427,10.94597017,0.0,9.464538726
superpathway of lipopolysaccharide biosynthesis,20236.18285,17544.18735,18153.93193,19422.85464,17307.36467,14224.60577,19404.48214,17603.57105,14171.60148,197.9005462,1208.519478,243.2120115,13377.97021,23998.47857
superpathway of S-adenosyl-L-methionine biosynthesis,27081.33522,31220.79372,32043.53139,26119.027,27872.62785,29420.54993,26374.91154,32781.29709,24452.07026,43843.28125,27490.00531,25276.61676,28941.39474,34256.56131
methanogenesis from acetate,32.53960285,46.3341714,7.971536686,0.0,5.436767339,13.16560961,24.87732663,0.0,27.64850079,33.69683841,118.4923741,79.98734303,25.52403228,36.42790952
methanogenesis from H2 and CO2,0.0,0.0,0.0,0.0,0.0,0.0,0.0,0.0,0.0,0.0,0.0,0.0,0.0,0.0
superpathway of methylglyoxal degradation,18763.55566,17994.85457,19515.06585,18265.98445,17147.91116,13435.6278,18490.40384,17563.80358,13438.83727,118.4894952,527.4444262,96.73055318,12501.50352,22045.42498
methylgallate degradation,186.8358097,144.1350781,51.49039975,121.5663612,80.18271318,217.8785459,144.2675867,117.0006706,52.56428822,276.2022545,1267.696302,480.3989296,139.0295364,207.0535776
NAD salvage pathway II,21715.87103,19165.522,20515.84217,21512.1338,19566.93166,15001.61121,21329.87173,19654.31572,15529.14574,2770.468552,13123.96877,2394.436383,13870.49366,25694.29163
NAD biosynthesis II (from tryptophan),111.9476618,44.20271716,30.95389541,54.50013468,0.0,67.03455499,41.17918955,36.02448294,0.0,137.7949438,522.894665,292.9660886,15.74907056,116.2063171
lipid IVA biosynthesis,20993.29057,18122.70839,18114.1672,19551.99938,17145.75127,15035.77071,19691.75683,17724.8665,14372.85164,7185.419527,25469.11294,9497.662511,14351.57079,24956.78302
methylerythritol phosphate pathway I,22588.8631,21825.99604,21567.66824,21195.57571,19233.3403,18671.41407,21100.39093,20942.30829,16525.43449,15422.89778,32515.64,15144.79188,18215.59389,27410.42301
pentose phosphate pathway (non-oxidative branch),36882.3468,41636.15029,43740.1958,34335.35162,34009.67034,34552.22879,35361.81062,38700.0749,29328.10901,47081.42122,44318.57588,32384.04444,34437.63685,44907.5101
O-antigen building blocks biosynthesis (E. coli),10004.74595,11026.37652,7976.849318,7741.305031,5988.144555,14629.58185,8353.995814,10416.10078,8244.423249,37753.97568,26296.99631,34942.06006,18068.68842,15708.10959
superpathway of L-arginine and L-ornithine degradation,21536.31214,19849.32385,21528.14653,21364.88843,19722.2136,15419.53772,21177.24861,19978.82159,15633.01559,116.443675,676.5847562,133.7306561,14462.1924,25441.2074
superpathway of ornithine degradation,23648.71675,21188.35698,22905.66181,24102.32816,23575.68963,18946.02603,23606.05398,24319.8241,19159.97112,156.1150037,566.9616464,181.6592306,17673.62061,28779.66964
ectoine biosynthesis,26.06503226,0.0,17.3160348,3.668513189,0.0,23.86952021,14.08554596,14.09573534,19.53301706,108.3634162,156.6351665,56.7767954,46.52278744,40.04777228
TCA cycle IV (2-oxoglutarate decarboxylase),30069.53498,31194.67429,33244.60971,28191.85768,25160.51877,21559.80098,28779.40606,26427.34808,20078.86378,15487.45573,25452.51953,12064.26339,20258.14754,34712.9831
pyruvate fermentation to propanoate I,5766.369852,4250.153971,2325.860849,3456.193237,1673.34183,5157.040074,3981.721812,2904.783665,2816.768365,7598.604661,19651.09518,9658.78499,5523.902378,7160.012539
heterolactic fermentation,7445.470412,14441.3772,11715.32499,9383.888981,22218.02729,37699.03099,8767.446927,33895.34381,24862.18659,63976.03623,13536.99709,71566.87301,39722.55154,18306.08729
Bifidobacterium shunt,8206.559192,16099.36211,13041.02555,10203.51656,24095.79162,42620.11949,9579.185648,37440.05893,27371.27481,77892.10401,15689.4679,85744.54045,45409.54366,20071.0388
"superpathway of (R,R)-butanediol biosynthesis",2802.717721,16161.90498,19598.84856,1421.967609,2687.396288,2487.203931,3426.161807,4316.545206,60.46441518,38212.77911,2921.090018,4862.16618,658.4084848,317.4442816
acetylene degradation,38049.55541,48384.51703,49357.1866,37109.21466,46909.01051,64328.42406,37542.99204,62773.61324,45741.42001,92534.06471,25061.13331,102194.2097,67352.36193,52096.76412
L-glutamate degradation V (via hydroxyglutarate),288.766848,171.8479799,95.8673043,112.6890138,50.16183951,278.0776887,199.6277158,75.22621692,126.183943,485.5483574,1854.038363,501.3096022,335.7940429,319.2218896
L-lysine fermentation to acetate and butanoate,51.7171799,62.87044735,6.614919872,6.65546404,0.0,118.6756361,80.95627666,47.1480539,14.96430646,273.9591209,627.0173727,288.4853679,175.4907001,33.45548168
purine nucleobases degradation I (anaerobic),5982.492288,7643.997318,7659.086489,3743.278837,3514.89895,5317.707849,4352.723414,5424.258848,3154.561422,8035.272835,13829.98028,8269.694485,12410.2194,11619.52664
protocatechuate degradation I (meta-cleavage pathway),184.3626807,133.1940633,51.25232698,106.7383453,78.09292598,192.140063,146.3409679,105.0260652,50.06487516,246.2002317,1233.252848,462.4340626,127.9382376,184.017485
octane oxidation,71.79574706,35.97523967,22.99040974,58.77204226,21.96490133,56.8489848,5.998370617,6.997598108,9.988181966,184.5601648,505.6069947,145.4465349,73.68717641,31.95113188
reductive TCA cycle I,23482.54743,29937.11823,31102.50212,16284.99795,11682.14087,18163.20008,18942.60988,16828.98411,11235.42476,9064.759626,20387.23148,10201.39637,18218.30745,25740.19422
coenzyme B biosynthesis,0.0,0.0,0.0,0.0,0.0,0.0,0.0,0.0,0.0,0.0,0.0,10.68478973,0.0,0.0
coenzyme M biosynthesis I,209.1115275,187.8276053,94.55855206,156.9591887,69.28571262,207.9894943,177.8960845,129.0357378,119.0385326,364.9052189,1014.993638,366.4442829,204.7221383,281.6673953
3-phenylpropanoate degradation,17693.23941,15239.35193,16601.03148,17639.83098,16177.50442,12105.18004,17429.24573,15943.11866,12728.82788,601.6909704,2036.71958,888.3781764,11165.82046,20799.24719
glycolysis V (Pyrococcus),38.29766263,31.23521813,18.31994332,10.82270389,5.824450656,59.13273923,19.99231561,10.82355891,21.24245475,44.98578551,255.7309059,51.2304027,34.56111613,59.95000111
adenosylcobalamin biosynthesis II (late cobalt incorporation),802.5171761,622.9842865,109.1252996,599.7247543,153.963839,734.4456754,307.1334244,163.3200502,294.3606729,1307.567765,4147.507623,1737.913499,939.0798199,1059.369519
"superpathway of L-lysine, L-threonine and L-methionine biosynthesis I",25142.74665,27919.92105,28429.00813,23889.8112,25655.06407,27877.45271,24253.78695,30274.56165,23048.90398,33117.81111,29950.84257,25541.64235,28001.99481,32219.64095
incomplete reductive TCA cycle,23401.60403,28662.54249,29045.10087,16194.9386,22199.31224,24047.74351,18730.14546,26945.98522,20650.045,40641.68784,32947.44299,22958.69042,23536.39457,25797.48446
superpathway of N-acetylneuraminate degradation,32519.17346,39198.94598,40383.52456,32440.98898,39816.0485,46874.36088,32638.20241,49527.58366,36928.47804,21996.05928,26929.557,27102.65012,47160.02022,44447.50203
"hexitol fermentation to lactate, formate, ethanol and acetate",35557.52069,38282.2959,41535.71907,35892.03302,37221.7885,40977.59277,35683.8097,45348.5777,33548.09801,21082.18764,12981.92971,14324.43589,41854.83592,44311.25806
myo-inositol degradation I,575.0227489,768.0984588,512.8818638,347.4629003,136.2550746,592.4953323,372.500872,205.6094397,306.7734887,2383.327827,10402.27965,2198.856845,627.1830613,810.7194387
nylon-6 oligomer degradation,0.0,0.0,0.0,3.961813842,0.0,0.0,3.964444444,0.0,0.0,64.59499264,17.93355209,0.0,0.0,0.0
phosphopantothenate biosynthesis I,22894.618,27740.19498,29366.75201,21192.43758,20254.44054,18910.94829,21993.92731,22472.73148,16521.285,28982.74707,22307.40516,13204.90698,17471.38568,26926.96881
pantothenate and coenzyme A biosynthesis I,23864.43069,29218.90994,30232.54801,22307.93351,23561.36195,24643.24336,23063.78013,27692.18206,20174.27345,38225.86471,25350.00958,19226.89876,23091.0897,29365.87134
pentose phosphate pathway,27971.0982,31794.94653,32030.09522,27413.33659,31397.07785,34456.16491,27530.15535,38041.69459,28594.43816,44102.0453,29381.33967,28889.95399,34265.00336,36552.59281
peptidoglycan biosynthesis I (meso-diaminopimelate containing),26935.85872,34176.96665,34365.52884,26078.71284,33544.91311,47647.89094,26357.48062,45617.84756,33424.38306,85999.81361,37557.97813,85207.77258,50213.69104,37476.07586
superpathway of phospholipid biosynthesis I (bacteria),33676.70319,39771.3937,40189.41014,32329.26299,38052.67745,48666.63937,32638.15456,48502.44661,36165.43925,88705.46824,41367.8989,86601.71285,51098.43027,44788.8747
superpathway of polyamine biosynthesis II,3540.902356,2764.336658,1573.252372,2265.756309,1240.032485,3339.589865,2801.02151,2012.739127,1841.654289,1065.075084,3275.258849,1676.475001,3165.148594,3918.024444
superpathway of polyamine biosynthesis I,22995.75473,19849.20769,21352.78065,22781.06147,20827.0256,16228.2344,22452.13747,20806.6262,16706.39202,1081.344429,3317.363778,1708.019325,15049.48018,27335.7907
polyisoprenoid biosynthesis (E. coli),24267.91275,31246.65389,31769.01973,23776.62886,30240.10485,42141.35823,24019.17272,40721.24831,29727.08111,76906.67223,33602.76063,75039.93707,44341.92001,33239.04191
ppGpp biosynthesis,25395.62134,27070.42329,28642.23122,24748.29687,26425.5628,24231.09952,24933.20753,29314.10119,22539.93059,6975.234896,21584.87184,6912.137624,22803.45594,32125.17572
protocatechuate degradation II (ortho-cleavage pathway),885.4115256,598.1732877,304.7835495,461.4325636,247.4640827,962.7420333,521.4333799,369.0283647,461.2745196,1727.194666,4952.727464,2261.348809,968.0596637,1195.382173
"superpathway of histidine, purine, and pyrimidine biosynthesis",27497.19737,33868.80841,34115.92166,26603.74266,32846.22978,42968.72707,26913.28969,42852.64632,31824.69872,46516.69738,33205.23644,51337.80135,44056.58782,37420.40867
CMP-3-deoxy-D-manno-octulosonate biosynthesis I,23323.62886,20169.75428,20444.00125,21983.43774,19399.08182,16611.29368,22075.50526,19933.14703,16110.88388,6794.231538,24442.26106,8980.271275,15774.43879,27771.85204
benzoyl-CoA degradation I (aerobic),5.399180884,4.199453242,0.0,45.27367954,0.0,78.06197085,0.0,0.0,0.0,13.63956427,216.8440332,47.82945941,20.98022326,17.39272604
vitamin E biosynthesis (tocopherols),0.0,0.0,0.0,0.0,0.0,0.0,0.0,0.0,0.0,0.0,0.0,0.0,0.0,0.0
mandelate degradation I,0.0,0.0,0.0,0.0,0.0,0.0,0.0,0.0,0.0,0.0,31.97053968,0.0,0.0,0.0
superpathway of taurine degradation,62.3707718,57.34282743,12.91924838,29.46876381,0.0,79.61189805,15.3787429,33.57539951,19.98872922,120.4432075,236.8632827,124.9288677,96.80090983,126.5878053
formaldehyde assimilation I (serine pathway),0.0,6.446783308,0.0,11.65067944,0.0,0.0,18.18670197,0.0,0.0,0.0,226.2922761,9.90687153,127.2535851,0.0
photorespiration,707.712061,332.7507589,111.0178974,616.2285094,118.2014948,485.3438375,315.3981187,189.0498656,275.5511013,1177.737423,3827.506636,1561.165519,950.7620313,653.3649095
formaldehyde assimilation II (RuMP Cycle),10494.86656,35069.81971,39006.40264,4897.902806,9291.464911,8668.798249,12304.37996,13862.46535,588.1155488,46831.60369,11032.96538,13741.55137,2974.642444,1897.77981
superpathway of C1 compounds oxidation to CO2,0.0,0.0,0.0,5.924073687,0.0,0.0,9.801161318,0.0,0.0,0.0,49.63232745,0.0,0.0,0.0
Entner-Doudoroff pathway III (semi-phosphorylative),0.0,0.0,0.0,0.0,0.0,0.0,0.0,0.0,0.0,0.0,0.0,0.0,0.0,0.0
L-lysine biosynthesis II,10312.81513,24060.01366,23920.96782,11459.23096,23952.53022,39413.21478,11806.34714,35767.02085,25761.0265,70376.33413,13750.04308,74241.79048,41961.80414,20597.78422
L-lysine biosynthesis III,29108.49164,36010.06637,35870.95543,27517.50617,33625.07733,46835.26605,27998.43698,44849.6408,33163.66408,80942.17281,42319.00509,79873.81023,48979.71554,39322.85902
superpathway of L-isoleucine biosynthesis I,30201.33461,36038.77674,37185.57434,28227.15618,29418.55574,33446.11256,28905.12859,34909.8208,26452.08666,51097.23176,40174.27262,37731.01325,32848.31587,38349.52986
glycine betaine degradation I,1914.016649,1283.85142,485.9879478,857.3714744,431.5414883,1632.015317,974.8335532,616.6135887,661.0916099,2759.587816,7977.858083,3459.629253,1682.700119,2328.234123
aerobic respiration I (cytochrome c),17197.05161,15966.59296,9599.86017,15202.66676,5215.093808,15149.7766,11850.6358,8367.584467,8378.196529,23481.58865,52837.22452,26441.56309,15159.55854,18846.89057
sucrose degradation II (sucrose synthase),0.0,0.0,0.0,0.0,0.0,0.0,0.0,0.0,0.0,0.0,0.0,0.0,89.83579715,0.0
&beta;-alanine biosynthesis II,0.0,0.0,0.0,0.0,0.0,0.0,0.0,0.0,0.0,0.0,0.0,0.0,0.0,0.0
S-methyl-5-thio-&alpha;-D-ribose 1-phosphate degradation,0.0,0.0,0.0,4.576845686,0.0,0.0,0.0,0.0,0.0,1.641145529,2.603484458,30.04908578,0.0,0.0
creatinine degradation II,0.0,0.0,0.0,0.0,0.0,0.0,0.0,0.0,0.0,4.496504767,68.73414782,0.0,29.74161139,0.0
urea cycle,3976.011698,13798.31873,15577.18146,2483.746553,2515.473215,3279.472392,3761.060615,3887.221757,701.9697729,28881.96323,8568.103192,6815.82889,2029.249413,1995.981641
biotin biosynthesis II,4.799561388,0.0,0.0,0.0,0.0,16.79241529,0.0,0.0,0.0,0.0,98.16245498,19.17450862,0.0,0.0
4-aminobutanoate degradation V,4246.419831,13563.28414,15302.21164,2622.622632,2384.774472,3743.782352,3853.017943,3879.122792,1122.264758,27494.85668,8393.828014,8012.627392,3036.087986,3250.560026
L-histidine degradation II,384.8407016,281.3489305,111.7645937,81.90819088,174.6792485,351.866873,314.6140001,194.8989854,227.4325274,533.0791369,1427.884024,987.2274641,425.1084419,465.5435443
L-glutamate degradation VIII (to propanoate),81.98509638,20.9726042,8.987072727,22.44297832,0.0,149.5313741,23.92746606,0.0,14.95338999,38.91559835,207.380934,68.99980558,16.49191706,38.92349589
L-lysine biosynthesis VI,28046.09305,32246.07176,31274.94522,26676.36005,32709.7488,45870.58585,26897.86332,43597.25311,32655.49944,72166.28842,40694.99694,77594.30621,47793.24229,38265.02268
pyruvate fermentation to acetate and lactate II,23798.41103,31015.32777,31131.97315,22463.56459,31550.93091,52660.3048,22422.9313,48584.66687,34568.96828,104212.7751,26125.79961,102383.702,56142.2072,30966.74948
L-isoleucine biosynthesis II,33940.71174,42363.40798,43297.24698,30388.92579,29082.58951,29743.49083,32084.60332,33269.22888,24092.38979,54724.67992,50168.93891,27797.53474,27515.41329,39818.37787
L-isoleucine biosynthesis III,32440.19273,36967.91765,39314.21861,29610.97772,28511.77672,27713.80844,30974.4051,32014.88407,23481.01696,37611.50409,39359.35091,19728.3624,25619.41313,38236.96013
L-isoleucine biosynthesis IV,27987.98473,27494.65846,27889.0852,25307.25816,23709.22811,23186.85198,25842.98931,25952.54544,20105.94787,17256.71492,32345.39138,16708.24972,22348.09452,33434.29203
superpathway of geranylgeranyl diphosphate biosynthesis II (via MEP),22798.50037,22941.63811,22739.87374,21633.89542,20605.83323,22110.12864,21553.29015,23749.16049,18348.25208,20254.31588,30506.43937,20003.99338,21909.18907,28300.51449
L-arginine biosynthesis III (via N-acetyl-L-citrulline),23308.58616,23857.55751,24461.14947,22323.43331,22508.81121,22137.89709,22482.97054,25201.60423,19671.91354,12483.2354,27892.8995,14193.597,21374.46449,29386.77749
glutaryl-CoA degradation,473.2182696,364.4467959,127.8243251,147.7110572,99.85620574,389.3420481,284.9610049,151.6800931,155.5518781,710.7905676,3101.706608,836.965111,606.8336844,469.5899965
toluene degradation IV (aerobic) (via catechol),35.01205485,0.0,10.39737987,17.70194661,0.0,34.84216409,10.596795,0.0,0.0,53.76125444,355.7532212,79.83134879,25.66959469,38.37785687
toluene degradation I (aerobic) (via o-cresol),19916.66175,17575.60376,19453.07708,20226.50115,19088.52526,14462.79789,19839.01055,19107.66815,15132.22529,774.7001599,3083.887838,1156.204081,13459.43769,23783.24507
toluene degradation III (aerobic) (via p-cresol),546.1389753,382.0339912,206.4839148,145.7131632,177.0706991,630.3168376,362.5654936,280.5131936,330.1557962,211.3286777,879.0464448,205.2415658,677.4736247,775.8157554
toluene degradation II (aerobic) (via 4-methylcatechol),19916.66175,17575.60376,19453.07708,20226.50115,19088.52526,14462.79789,19839.01055,19107.66815,15132.22529,774.7001599,3083.887838,1156.204081,13459.43769,23783.24507
superpathway of aerobic toluene degradation,0.0,0.0,0.0,0.0,0.0,0.0,0.0,0.0,0.0,0.0,0.0,0.0,0.0,15.43779449
tetrapyrrole biosynthesis I (from glutamate),21875.99714,25451.67572,27440.4342,20260.44186,17927.41627,15898.92712,20908.66622,19089.0913,14226.99868,22608.87806,26152.89827,10853.11153,14441.41059,24697.6809
tetrapyrrole biosynthesis II (from glycine),21597.29149,24883.81723,26477.11719,20139.31722,17902.71669,15666.98377,20754.55002,19052.67144,14147.96972,21798.34816,25767.69829,10350.45282,14237.81413,24460.94297
factor 420 biosynthesis,0.0,0.0,0.0,0.0,0.0,0.0,0.0,0.0,0.0,0.0,4.80686109,0.0,0.0,0.0
peptidoglycan biosynthesis II (staphylococci),7935.633183,23876.84052,25528.86908,5873.073485,7461.452687,7030.977799,8910.634552,11463.51311,195.7857494,56031.02459,7276.392185,14824.51948,2356.076725,943.5604746
superpathway of sulfur oxidation (Acidianus ambivalens),228.0,296.0,65.42,135.0,59.66,242.75,211.0,114.92,150.67,380.14,1178.06,647.33,269.0,252.25
superpathway of L-methionine biosynthesis (by sulfhydrylation),17254.17571,23339.52885,23453.73478,12003.54043,8583.775065,15000.3165,14396.00084,13175.40405,8532.333568,25765.95339,23476.08974,13043.48626,13971.25175,19426.54762
superpathway of L-methionine biosynthesis (transsulfuration),27124.21966,28907.73742,29550.61629,25668.43693,25531.02686,26380.12851,25891.51054,29016.03527,22370.14468,32039.13173,29407.90213,23176.23449,25902.55836,33857.29916
sucrose degradation IV (sucrose phosphorylase),25165.53444,23695.58189,25215.6622,24926.59231,24081.30035,20152.06246,24846.40482,25305.39703,19752.21943,4968.689203,16939.16804,4708.660763,18745.98386,30512.78686
reductive TCA cycle II,0.0,0.0,0.0,0.0,0.0,0.0,0.0,0.0,13.98945683,41.95322026,0.0,0.0,0.0,0.0
catechol degradation I (meta-cleavage pathway),6148.030933,16658.2335,18746.80455,3386.175281,4502.446164,4964.783907,6482.325397,6664.322706,1077.903004,190.8026525,1416.23186,428.9484924,2901.427123,2951.253984
catechol degradation III (ortho-cleavage pathway),175.1165213,118.7871435,60.53933592,71.15207499,67.5280058,195.6752565,131.3266229,76.00494317,99.64471117,225.9540577,801.5261868,347.2831272,186.7484912,246.0625398
catechol degradation to 2-oxopent-4-enoate II,88.84010194,52.72759758,0.0,49.558051,9.987125132,58.42763132,69.56262979,28.93125707,46.73128594,78.92803297,920.3060198,415.4754504,101.9233933,86.05244247
catechol degradation II (meta-cleavage pathway),154.9793118,92.07844547,0.0,86.57607804,17.47105156,101.9644432,121.4324994,50.57643481,81.6040515,107.6052798,1105.541506,427.3757821,177.442192,150.2080907
meta cleavage pathway of aromatic compounds,48.98457077,28.97199615,0.0,16.02083794,11.10293473,30.54540619,24.74795657,0.0,0.0,49.24472965,528.0916418,100.1230719,62.36644191,86.05130947
aromatic compounds degradation via &beta;-ketoadipate,175.1165213,118.7871435,60.53933592,71.15207499,67.5280058,195.6752565,131.3266229,76.00494317,99.64471117,225.9540577,801.5261868,347.2831272,186.7484912,246.0625398
glycolysis II (from fructose 6-phosphate),34964.45708,43942.29922,44528.12455,34205.08234,42559.9513,55853.03366,34623.74523,55438.57073,40694.49805,77147.2171,39520.76018,58582.09871,56924.08039,48022.73398
vitamin B6 degradation,0.0,0.0,0.0,0.0,0.0,0.0,0.0,0.0,0.0,0.0,1.75,1.0,0.0,0.0
L-glutamate and L-glutamine biosynthesis,2836.959998,2176.541953,957.8039615,1645.83525,860.7542809,2690.369608,1965.422262,1363.170727,1383.456475,4558.907295,12131.55001,5525.428956,2700.542557,3330.337318
adenosylcobalamin biosynthesis I (early cobalt insertion),39.29135855,36.48806708,0.0,29.11733968,0.0,244.1899728,121.3127833,97.78137204,59.59639894,527.8577608,984.9830225,398.6313011,43.75438915,41.84877468
"adenosylcobalamin biosynthesis from cobyrinate a,c-diamide I",10686.2534,8362.285237,4820.020899,6873.950623,3845.004405,8549.52171,7597.743959,5862.99222,5618.457724,3221.540159,10776.49059,4527.77264,8386.113028,12960.14962
superpathway of bacteriochlorophyll a biosynthesis,170.5272837,111.0950566,0.0,60.71643869,43.79387221,35.55318211,18.83351746,0.0,0.0,60.35162137,583.0328742,180.6213248,0.0,112.1652941
chlorophyllide a biosynthesis II (anaerobic),180.1532648,137.1957646,0.0,64.4769749,46.01887538,64.42031744,26.70077638,0.0,0.0,105.5022293,684.9045055,190.1349398,46.80074673,98.12627256
adenosine nucleotides degradation IV,0.0,0.0,0.0,0.0,0.0,0.0,0.0,0.0,0.0,0.0,14.89540519,43.13083528,0.0,0.0
2-nitrobenzoate degradation I,19.20493031,0.0,0.0,6.716796215,0.0,10.56454447,0.0,0.0,0.0,23.08058985,96.53714929,42.06633136,0.0,8.683900076
L-tryptophan degradation to 2-amino-3-carboxymuconate semialdehyde,70.28931168,27.68839399,19.4030551,34.18392091,0.0,42.02249083,25.79724581,22.56946111,0.0,86.57588603,329.7765953,184.688778,9.849723178,72.90417791
2-amino-3-carboxymuconate semialdehyde degradation to 2-oxopentenoate,26.60223473,15.62180076,0.0,9.730722154,0.0,17.56950973,0.0,0.0,0.0,22.64592174,225.1571811,78.34761982,11.648,38.85303049
L-tryptophan degradation IX,39.9497978,0.0,0.0,14.56056637,0.0,22.3505248,0.0,0.0,0.0,45.72425815,192.9759526,85.44969941,0.0,19.53834033
mannosylglycerate biosynthesis I,0.0,0.0,0.0,0.0,0.0,0.0,0.0,0.0,0.0,0.0,0.0,0.0,0.0,0.0
GDP-mannose biosynthesis,27945.23615,33911.78779,34526.12749,26567.00796,31396.77506,33847.42176,27251.65824,37467.95033,28696.53678,14469.56872,29902.1808,20128.06268,33354.77394,36503.52214
CDP-diacylglycerol biosynthesis I,31221.58453,38640.20982,38341.94061,29615.33637,36189.9021,51001.65818,30072.86045,48870.43361,35857.29103,92463.2926,47120.26869,90987.1071,53555.76793,42288.15252
acetyl-CoA fermentation to butanoate II,5566.96975,3656.737622,1780.003819,2448.138861,1128.205534,5084.458363,3327.119369,2289.632106,2494.738521,4502.894844,16958.05962,4950.698599,6051.322568,6900.713502
succinate fermentation to butanoate,488.4773741,360.8268337,176.6249953,184.192458,100.9037208,452.3159518,326.3385099,187.7177238,185.9878695,345.4749853,1620.249915,634.9544133,690.1138612,523.8725285
clavulanate biosynthesis,0.0,0.0,0.0,0.0,0.0,0.0,0.0,0.0,0.0,0.0,0.0,0.0,0.0,0.0
UMP biosynthesis,28268.38461,35251.71877,35139.01836,26835.06169,33400.03402,47499.12961,27288.92656,45288.23676,33203.23554,87059.84449,37962.29744,85648.86273,50063.68824,38529.00814
urate biosynthesis/inosine 5'-phosphate degradation,36529.95639,40846.78831,42196.64979,35147.00087,39645.05054,44190.49115,35496.46772,47841.63916,36363.90394,33555.84255,36832.93266,33019.31505,45794.82603,47806.70338
allantoin degradation to glyoxylate III,17463.6821,15108.04299,16543.30955,17584.98385,16099.79221,11889.47556,17230.62024,15817.46515,12638.45244,384.0142175,1573.087819,511.9667046,10990.68126,20582.24852
ethylmalonyl-CoA pathway,155.5488019,62.74619439,0.0,98.59605786,33.53499937,99.31845242,31.19424082,0.0,55.97290654,234.1894678,787.887073,352.5553792,147.141095,184.5790832
glyoxylate assimilation,0.0,0.0,0.0,0.0,0.0,0.0,0.0,0.0,0.0,0.0,0.0,0.0,0.0,0.0
2-methylcitrate cycle II,17770.25456,15422.47184,16732.36527,17727.21962,16196.42669,12276.42746,17511.28114,16030.16368,12833.36761,1378.254966,4389.584581,1846.368163,11293.52893,20976.32092
"1,4-dihydroxy-2-naphthoate biosynthesis I",21615.60335,25371.34983,28053.03425,20867.59007,19118.46052,15101.68026,21391.3859,19878.45441,14621.09511,18538.4647,14872.79867,5449.27989,13390.18437,24288.62418
superpathway of menaquinol-8 biosynthesis I,23114.01041,27457.83098,28529.07782,22333.27965,22759.27958,21072.21321,22771.09058,25372.74548,18828.81523,24570.37231,22722.46947,11710.7422,19464.78311,28524.017
superpathway of menaquinol-7 biosynthesis,22882.17192,26890.71779,28228.8221,22202.17363,22626.73273,21671.94943,22588.78235,25789.69066,18941.98128,31214.85088,21805.0582,12256.30655,20126.28169,28256.44617
superpathway of menaquinol-9 biosynthesis,22882.17192,26890.71779,28228.8221,22202.17363,22626.73273,20773.89715,22588.78235,25127.16395,18692.71409,11535.9697,17321.38434,9286.532583,19166.3316,28256.44617
superpathway of menaquinol-6 biosynthesis I,22882.17192,26890.71779,28228.8221,22202.17363,22626.73273,20773.89715,22588.78235,25127.16395,18692.71409,11535.9697,17321.38434,9286.532583,19166.3316,28256.44617
ubiquinol-7 biosynthesis (prokaryotic),22778.91613,20823.50461,21809.24541,21853.89534,19510.41809,16059.62998,21943.79136,20043.10891,15773.76433,5704.921096,20419.16918,6640.366579,14989.45178,26692.73529
ubiquinol-9 biosynthesis (prokaryotic),22778.91613,20823.50461,21809.24541,21853.89534,19510.41809,16059.62998,21943.79136,20043.10891,15773.76433,5704.921096,20419.16918,6640.366579,14989.45178,26692.73529
ubiquinol-10 biosynthesis (prokaryotic),22778.91613,20823.50461,21809.24541,21853.89534,19510.41809,16059.62998,21943.79136,20043.10891,15773.76433,5704.921096,20419.16918,6640.366579,14989.45178,26692.73529
superpathway of demethylmenaquinol-6 biosynthesis I,23032.3216,27577.2538,28990.38489,23093.76439,25764.27785,24041.1107,23258.92797,29190.67244,21724.26747,9048.952529,14319.54142,8063.142537,22104.85663,29813.52761
superpathway of demethylmenaquinol-8 biosynthesis,23386.48768,28482.18746,29468.14383,23307.2416,26023.13365,24646.80706,23550.13643,29691.45783,22001.50706,24078.35084,20304.39088,11039.42563,22707.17665,30262.81526
superpathway of demethylmenaquinol-9 biosynthesis,23032.3216,27577.2538,28990.38489,23093.76439,25764.27785,24041.1107,23258.92797,29190.67244,21724.26747,9048.952529,14319.54142,8063.142537,22104.85663,29813.52761
superpathway of phylloquinol biosynthesis,20935.41487,22391.08822,24272.87328,20361.89508,18576.11068,16109.51218,20697.7595,20377.4012,14891.34728,20472.40168,15491.4987,6162.568037,14474.62933,23781.05897
superpathway of menaquinol-10 biosynthesis,22882.17192,26890.71779,28228.8221,22202.17363,22626.73273,20773.89715,22588.78235,25127.16395,18692.71409,11535.9697,17321.38434,9286.532583,19166.3316,28256.44617
superpathway of menaquinol-11 biosynthesis,23147.54772,28333.88884,29784.69426,22399.46589,22890.3813,21079.16748,22858.42037,25536.36515,18848.32085,29593.25479,22114.89222,11275.28546,19385.82143,28492.26639
superpathway of menaquinol-12 biosynthesis,23147.54772,28333.88884,29784.69426,22399.46589,22890.3813,21079.16748,22858.42037,25536.36515,18848.32085,29593.25479,22114.89222,11275.28546,19385.82143,28492.26639
superpathway of menaquinol-13 biosynthesis,23147.54772,28333.88884,29784.69426,22399.46589,22890.3813,21079.16748,22858.42037,25536.36515,18848.32085,29593.25479,22114.89222,11275.28546,19385.82143,28492.26639
superpathway of geranylgeranyldiphosphate biosynthesis I (via mevalonate),5799.723272,17709.69991,18162.56679,6153.401573,17347.26888,31117.23473,7142.496066,28013.49062,19302.94014,64966.91394,8449.72964,47016.62937,33033.2807,13089.75971
TCA cycle VI (obligate autotrophs),26274.51449,26314.96873,25858.91033,24339.66586,21639.77688,19301.7239,25150.54459,23202.12598,17280.77591,20094.76868,33728.34302,14073.08202,18187.80807,30035.83751
superpathay of heme biosynthesis from glutamate,21059.05783,22514.81024,23703.40465,19957.72688,18294.92271,16034.45182,20384.36716,19482.113,14705.96619,18746.05008,18409.29875,8401.597739,14695.77574,24396.26846
superpathway of heme biosynthesis from glycine,4618.414763,14986.08886,16823.28702,3239.936481,3513.029368,3719.33907,4969.366102,5189.995857,1283.638498,8187.743291,11121.10234,5272.043902,2960.796304,3601.130874
glycogen degradation II (eukaryotic),83.81617104,35.96530545,0.0,105.6955969,0.0,153.369926,67.87351142,0.0,0.0,51.92704146,458.9964403,210.7647107,27.98003274,0.0
palmitate biosynthesis II (bacteria and plants),29858.76906,33139.6538,33886.79031,29074.08239,32167.07699,34144.32515,29309.69967,37770.45751,29021.64153,17938.86186,34633.74559,19926.76623,32977.07923,39754.48796
cis-vaccenate biosynthesis,32979.18986,40487.14131,40255.32923,30991.76142,37654.07501,52974.99835,31561.20479,50420.85253,37270.56495,91527.65208,46625.86499,92087.86538,55523.76359,44435.0458
stearate biosynthesis II (bacteria and plants),27078.51843,27179.92447,28107.99517,25370.38954,24847.80272,23965.24024,25899.00652,27497.26645,21454.42127,11230.51649,29740.72041,12300.11809,22588.13741,33340.88203
superpathway of phenylethylamine degradation,20790.67968,18126.11522,19808.65063,20860.83658,19096.21279,14236.63423,20568.60187,18846.28273,15007.40449,191.8000674,734.8708348,191.8010764,13113.92531,24419.14423
chlorosalicylate degradation,24.88833039,37.16971317,0.0,17.99388531,0.0,49.13356896,0.0,20.99074253,0.0,51.44296924,74.40347606,50.01762579,0.0,63.83480163
5-aminoimidazole ribonucleotide biosynthesis I,29568.13538,37825.22006,37641.4318,28417.7427,36409.5924,51388.83779,28842.22855,49125.67236,36226.49563,88119.27027,43021.88297,88956.90306,53943.94091,41029.70257
5-aminoimidazole ribonucleotide biosynthesis II,27343.36922,35874.99344,35523.69661,26256.3655,34491.28766,50389.9168,26680.55307,47390.5954,34797.91829,90404.44765,41549.69316,91416.00889,53175.9584,38392.37589
inosine-5'-phosphate biosynthesis I,25651.12837,33001.46562,32847.62983,24795.69922,32033.48281,46062.51044,25150.46701,43684.0845,32070.43586,82476.57663,37514.76389,83334.98984,48590.4409,35766.77847
superpathway of guanosine nucleotides de novo biosynthesis II,27796.4979,35485.89167,35599.50044,27145.38539,35002.2335,49240.8247,27439.47126,47242.62633,34765.61779,83546.0558,35258.995,84946.36004,50928.04126,38126.46439
superpathway of adenosine nucleotides de novo biosynthesis II,31099.72029,38894.52404,39266.69967,30095.82683,37506.66392,51460.77083,30507.33933,49987.04241,36757.02196,88702.46736,39973.05134,87441.91751,53359.27031,41954.77567
archaetidylserine and archaetidylethanolamine biosynthesis,0.0,0.0,0.0,0.0,0.0,0.0,0.0,0.0,0.0,0.0,0.0,0.0,0.0,0.0
CMP-pseudaminate biosynthesis,0.0,0.0,0.0,0.0,0.0,0.0,0.0,0.0,0.0,0.0,0.0,0.0,0.0,0.0
superpathway of sialic acids and CMP-sialic acids biosynthesis,0.0,0.0,0.0,0.0,0.0,0.0,0.0,0.0,0.0,0.0,0.0,0.0,0.0,0.0
6-hydroxymethyl-dihydropterin diphosphate biosynthesis I,22842.93438,26245.63114,27741.93548,20804.58186,18450.21903,16795.60143,21566.16408,19952.99072,14819.85384,29415.50317,31106.15832,16435.39263,16846.37695,26676.27803
tetrahydromethanopterin biosynthesis,0.0,0.0,0.0,0.0,0.0,0.0,0.0,0.0,0.0,0.0,0.0,0.0,0.0,0.0
S-adenosyl-L-methionine cycle I,23752.95797,30870.20409,31598.25196,23337.20125,30014.43479,41563.26467,23546.15851,40490.13404,29392.43161,76814.20086,26541.94802,73761.05513,43716.77477,32642.16914
chorismate biosynthesis from 3-dehydroquinate,25429.08594,28375.4967,29792.85799,23064.80328,20324.6155,18629.68445,23811.19824,21947.79361,16370.11674,29293.9838,33931.62574,15735.57911,18146.86369,29475.13306
chorismate biosynthesis II (archaea),0.0,0.0,0.0,0.0,0.0,0.0,0.0,0.0,0.0,0.0,0.0,0.0,0.0,0.0
flavin biosynthesis II (archaea),0.0,0.0,0.0,0.0,0.0,0.0,0.0,0.0,0.0,0.0,0.0,0.0,0.0,0.0
mevalonate pathway II (archaea),0.0,0.0,0.0,0.0,0.0,0.0,0.0,0.0,0.0,0.0,0.0,0.0,0.0,0.0
superpathway of salicylate degradation,203.9663161,138.4049426,70.58625128,82.95503847,78.72781272,227.6756601,153.0212006,88.60172072,116.100343,252.4503871,896.6982995,387.0776155,217.2687934,286.5095422
4-methylcatechol degradation (ortho cleavage),190.4151248,121.7783954,69.36536034,27.09031757,76.87281357,163.7664463,147.8002706,88.94429343,110.2251144,120.8461988,497.6697619,121.6022459,208.247314,265.5292679
sucrose degradation III (sucrose invertase),30989.92774,41292.42664,42259.4448,32366.27101,44095.41938,60077.65781,31768.71092,59165.09807,43326.54661,98980.30415,28584.63675,99842.34129,63473.1925,46143.28338
2-aminophenol degradation,0.0,0.0,0.0,0.0,0.0,0.0,0.0,0.0,0.0,0.0,0.0,3.921573942,0.0,0.0
starch biosynthesis,0.0,0.0,0.0,0.0,0.0,0.0,0.0,0.0,0.0,0.0,0.0,0.0,0.0,0.0
superpathway of menaquinol-8 biosynthesis II,1616.357953,1376.952889,653.5938863,1138.361126,554.9316482,1381.196784,1213.513629,869.3736189,894.7780686,2697.457018,6546.053232,3447.419706,1613.452196,1978.843775
adenosylcobalamin salvage from cobinamide II,11791.15875,9303.735968,5722.162481,7833.648599,4677.245103,9291.854356,8669.847551,6786.74764,6416.079451,3235.801969,10828.70987,4548.71625,9060.368438,14323.87659
superpathway of 5-aminoimidazole ribonucleotide biosynthesis,27343.36922,35874.99344,35523.69661,26256.3655,34491.28766,50389.9168,26680.55307,47390.5954,34797.91829,90404.44765,41549.69316,91416.00889,53175.9584,38392.37589
palmitoleate biosynthesis I (from (5Z)-dodec-5-enoate),28659.286,29067.53631,30172.38099,27454.07381,28290.60051,27712.20571,27708.56015,31817.69632,24744.91063,11749.0847,29765.835,13250.82977,26286.1222,36027.56191
galactose degradation I (Leloir pathway),27759.8145,36009.26088,37063.48863,26826.56694,34073.51253,46621.0751,27574.99744,45576.00275,33179.42922,84735.83985,30097.80664,79996.02753,48541.16097,37858.9387
superpathway of vanillin and vanillate degradation,172.958076,121.1932116,49.11140464,94.30653004,74.6403317,169.0133154,140.7397527,98.06866682,46.7648692,228.9273015,1097.717238,423.199022,120.5876099,172.5134465
syringate degradation,0.0,0.0,0.0,187.2853596,0.0,328.7743807,0.0,0.0,0.0,0.0,1954.142858,736.0827782,203.6535743,0.0
CDP-archaeol biosynthesis,0.0,0.0,0.0,0.0,0.0,0.0,0.0,0.0,0.0,0.0,0.0,0.0,0.0,0.0
archaetidylinositol biosynthesis,0.0,0.0,0.0,0.0,0.0,0.0,0.0,0.0,0.0,0.0,0.0,0.0,0.0,0.0
purine nucleotides degradation II (aerobic),33168.75962,38492.24721,40013.66095,32380.91394,37967.54916,42780.0954,32843.68501,46235.28818,34824.60233,14377.30168,24019.4396,17884.02634,43283.53789,44314.37352
"mono-trans, poly-cis decaprenyl phosphate biosynthesis",31.97792236,51.95548607,31.98366656,61.91732606,15.99573058,155.7051192,67.90104161,3.999800907,67.92100537,137.8721187,437.7843695,137.8686748,97.88922099,59.94355628
peptidoglycan biosynthesis III (mycobacteria),26887.50393,34028.0625,33429.60956,26047.40168,33520.07464,47592.07002,26318.1254,45584.85274,33395.59565,85923.18223,37375.5596,85122.73068,50170.83138,37421.20335
UDP-N-acetylmuramoyl-pentapeptide biosynthesis II (lysine-containing),26781.63458,34693.0902,34893.55732,25796.96421,33060.61381,46804.86419,26216.48256,44918.03129,32799.72184,85856.23355,37335.66127,83887.2161,49337.08336,36969.12643
UDP-N-acetylmuramoyl-pentapeptide biosynthesis I (meso-diaminopimelate containing),27350.49692,34723.02107,34951.48686,26559.57394,34403.54555,48954.77462,26805.74416,46852.49915,34338.70939,87797.3552,37769.5379,87320.37452,51587.82108,38243.93116
"superpathway of 2,3-butanediol biosynthesis",2791.622964,9325.462694,8304.623326,2380.005627,5384.902184,5793.530327,3619.948445,8840.051184,160.283347,47675.27933,4056.512076,11552.4013,1697.855086,802.3500635
mycolyl-arabinogalactan-peptidoglycan complex biosynthesis,0.0,0.0,0.0,0.0,0.0,0.0,0.0,0.0,0.0,0.0,21.55862186,0.0,0.0,0.0
superpathway of mycolyl-arabinogalactan-peptidoglycan complex biosynthesis,0.0,0.0,0.0,0.0,0.0,0.0,0.0,0.0,0.0,0.0,0.0,0.0,0.0,0.0
Kdo transfer to lipid IVA III (Chlamydia),20688.17,17855.16,17976.32,19374.97,17053.41,14749.47,19458.28,17541.07,14202.11,6750.92,24273.0,8867.4,14047.57,24585.32
peptidoglycan biosynthesis V (&beta;-lactam resistance),6652.116583,17422.2046,15149.00121,5647.85781,8238.662198,8173.508645,7740.266582,12799.01078,1082.076235,57940.00185,8799.240634,32747.48202,13123.59265,6804.477833
peptidoglycan biosynthesis IV (Enterococcus faecium),12925.5839,24382.23164,26144.12489,15565.96164,28246.18691,42949.47502,14891.9335,40298.16793,29540.54257,74626.08034,19769.82438,78018.99558,45494.9236,26797.24882
GDP-D-glycero-&alpha;-D-manno-heptose biosynthesis,592.533267,408.2891961,187.6521589,426.6750562,143.6942427,563.8723597,394.740026,314.6830508,280.3718557,1040.191621,2970.452784,1427.83109,593.0626942,503.2767408
L-tryptophan degradation XII (Geobacillus),0.0,0.0,0.0,0.0,0.0,14.72974739,0.0,0.0,0.0,0.0,0.0,11.04241668,0.0,0.0
4-deoxy-L-threo-hex-4-enopyranuronate degradation,20375.9999,19940.24873,21352.08635,19420.06124,17763.6873,15162.71749,19599.37455,18627.38156,14297.40057,4476.391937,11706.86461,5752.71975,15051.14927,24157.59697
8-amino-7-oxononanoate biosynthesis I,27837.45618,27361.59929,28542.47013,26792.24167,26849.27217,24869.87666,26966.16079,29453.65434,23025.50411,8901.038883,26422.73754,10151.97293,23602.01322,34576.52876
pyrimidine deoxyribonucleotides de novo biosynthesis III,2049.111196,1920.598497,759.9267395,1516.007303,485.5148901,1929.739652,1483.617286,976.945347,1049.067989,3354.075707,10353.98736,5548.247503,2847.6733,2556.312315
norspermidine biosynthesis,39.01156939,666.957301,517.1272098,43.00198464,34.19414354,74.74346073,72.19059416,25.36318808,61.6241491,2226.414227,9576.166683,1635.369526,103.7309364,130.1051062
superpathway of polyamine biosynthesis III,0.0,0.0,0.0,0.0,0.0,0.0,0.0,0.0,0.0,0.0,0.0,0.0,0.0,0.0
chondroitin sulfate degradation I (bacterial),104.9814751,79.91277082,24.50286596,47.95288633,15.30796948,109.0572577,72.42916628,42.30381885,44.32262325,120.7733989,436.6353197,206.3546026,70.14946679,110.6238694
"spirilloxanthin and 2,2'-diketo-spirilloxanthin biosynthesis",38.95652174,20.19512195,0.0,17.90322581,13.03703704,10.62068966,0.0,0.0,0.0,0.0,99.03896104,41.25,0.0,21.96078431
pyruvate fermentation to acetone,27535.84532,23985.48926,24689.30482,25403.92469,22554.51001,19440.63765,25467.64378,23136.37359,18474.06426,5977.933481,23048.35684,4857.761266,18587.72453,32106.75782
superpathway of Clostridium acetobutylicum acidogenic fermentation,2108.780248,1573.443959,765.9244426,966.5946553,417.1438169,1834.237812,1245.499037,877.0401938,835.8345204,3507.082813,9703.889954,4616.62692,2181.267859,2440.082364
guanosine nucleotides degradation III,35808.56074,40656.72771,42196.64979,34635.65665,39585.05334,43343.1788,34951.77849,47647.52245,36067.08095,9238.948754,25251.05427,12073.67812,42893.02423,47596.25271
adenine and adenosine salvage III,24880.28305,31910.23071,32420.35665,23958.638,30403.28253,42580.26867,24322.1625,41062.79542,29923.05943,82629.93662,33270.33986,78404.08501,45522.31488,34402.64325
superpathway of tetrahydrofolate biosynthesis,30908.37887,35488.12439,37034.26169,29338.77548,29892.31243,29730.89795,29881.94757,34139.02898,25488.88849,41300.78542,32805.68762,23556.40354,29101.83435,38248.5861
superpathway of L-phenylalanine biosynthesis,26346.43276,28068.6485,29644.51841,24276.69338,21506.49565,19049.41725,24922.90628,22894.00734,17268.78282,8977.743764,20032.05378,8708.829167,18014.83667,30456.34714
superpathway of L-tryptophan biosynthesis,25457.34327,27754.45406,29379.19225,23689.6099,21517.61844,19291.68727,24264.5892,23101.35617,17377.91911,451.704486,2643.212956,545.2941686,18194.44072,29715.80651
superpathway of L-tyrosine biosynthesis,26189.75627,27955.45756,29590.43089,24196.756,21457.06607,18911.36801,24818.82499,22813.43646,17192.5381,8957.152829,19818.64857,8589.85258,17853.84752,30248.94375
superpathway of sulfolactate degradation,43.54440947,22.79583366,12.31995246,18.0483559,0.0,53.64133552,12.74714141,16.49492575,10.52975611,60.69913501,167.6698366,53.086094,39.26033706,71.58675614
phosphopantothenate biosynthesis III,0.0,0.0,0.0,0.0,0.0,0.0,0.0,0.0,0.0,0.0,0.0,0.0,0.0,0.0
cinnamate and 3-hydroxycinnamate degradation to 2-oxopent-4-enoate,18710.3931,16237.64257,17935.23634,18988.63617,17472.39214,12668.49364,18614.11533,17120.57498,13621.02911,52.2996419,368.5377916,75.00723407,11624.30413,21994.29654
queuosine biosynthesis,23869.09787,28425.2956,29555.04345,22262.87592,22875.38499,23229.30213,22887.89986,26546.43274,19509.51048,41438.21492,28210.46197,23136.1062,23652.01285,29703.31786
preQ0 biosynthesis,21890.39023,26350.44191,28309.5547,20085.31162,18173.45148,15661.45926,21006.04295,19421.88788,14165.67133,25047.51302,24762.80513,10825.93926,14512.41527,24715.73085
ubiquinol-8 biosynthesis (prokaryotic),22778.91613,20823.50461,21809.24541,21853.89534,19510.41809,16059.62998,21943.79136,20043.10891,15773.76433,5704.921096,20419.16918,6640.366579,14989.45178,26692.73529
L-rhamnose degradation II,323.9310758,309.2321235,139.4075279,223.2879264,129.3928341,312.6027524,294.5634198,215.8055985,119.3145069,83.11272096,446.6969066,102.0583626,278.158366,258.0165979
methylaspartate cycle,751.1540263,353.1396171,37.25181427,476.5307233,171.3145952,445.7600156,267.2263961,117.6120861,258.0992917,529.3259568,1725.560383,622.8257888,590.9260999,841.9991581
starch degradation III,0.0,0.0,0.0,0.0,0.0,0.0,0.0,0.0,0.0,0.0,24.98123734,0.0,0.0,0.0
starch degradation V,28021.49279,27090.74952,27451.48668,26540.34591,26475.99666,27503.3876,26511.18056,30277.06259,23559.95102,28146.07073,30574.66279,27151.74256,28833.67513,34576.87747
CMP-legionaminate biosynthesis I,123.6880623,69.9223748,20.65330185,28.30316958,8.318855707,97.88673147,81.86094756,28.64994549,43.30846576,99.9362603,438.3169775,180.125738,77.59230385,153.9870241
isopropanol biosynthesis,80.22730075,33.97759935,3.999696954,99.80722629,3.659708158,78.50856191,20.99159311,8.99829988,58.24959632,126.422141,615.7480685,320.2145155,98.74838261,109.817224
thiazole biosynthesis II (Bacillus),20600.36143,19687.42169,20868.27848,19949.70867,18065.1058,14871.12576,20041.81103,18711.52029,14443.48428,17151.99893,5925.363529,3154.799111,13625.34446,24153.96616
thiazole biosynthesis I (E. coli),22961.79291,22306.38989,23154.20649,21783.08095,19709.25752,17252.5382,21956.95552,20842.90857,16131.24678,8422.003143,16813.82494,8384.815425,15981.58866,27086.35896
superpathway of thiamin diphosphate biosynthesis II,21751.82558,20908.17173,21462.34136,20201.42176,17774.04396,15709.12512,20543.9583,18705.51667,14613.2057,10742.65126,15810.45595,7283.309899,14686.15478,25337.50212
thiamin salvage II,22070.50678,24522.37173,26351.86148,20286.03103,17783.25242,15962.6105,20725.34121,18797.16252,14630.36723,21206.48085,28724.41919,11365.90082,14957.15054,25562.09795
superpathway of glucose and xylose degradation,25216.29284,31357.18043,32333.37251,24962.11645,29847.00215,30905.18766,25602.21887,34578.29371,26281.98306,17101.29358,23635.33781,17311.41779,30149.43757,35501.59811
chitin derivatives degradation,737.0366365,679.7706701,293.2210068,446.030777,169.3610201,917.2370333,474.6259711,449.3275522,317.3822223,1359.988458,3776.777543,1515.972903,786.7915626,1141.206238
androstenedione degradation,0.0,0.0,0.0,0.0,0.0,0.0,0.0,0.0,0.0,0.0,158.8731673,24.43749185,8.205956026,0.0
sitosterol degradation to androstenedione,0.0,0.0,0.0,0.0,0.0,0.0,0.0,0.0,0.0,0.0,0.0,0.0,0.0,0.0
mandelate degradation to acetyl-CoA,0.0,0.0,0.0,0.0,0.0,0.0,0.0,0.0,0.0,0.0,0.0,0.0,0.0,0.0
TCA cycle V (2-oxoglutarate:ferredoxin oxidoreductase),30069.53498,33600.97472,35346.99114,28191.85768,25160.51877,21589.97202,28779.40606,26427.34808,20078.86378,30030.86318,34733.20983,15787.06848,20266.73535,34712.9831
"1,5-anhydrofructose degradation",67.7441594,54.61530786,4.5452231,47.4410392,0.0,99.73122728,26.34086726,23.32812605,0.0,103.5825776,191.2180756,144.4946539,0.0,63.88364716
4-hydroxyacetophenone degradation,0.0,0.0,0.0,2.580645161,0.0,0.0,0.0,0.0,0.0,0.0,0.0,0.0,0.0,0.0
glycerol degradation to butanol,10934.69879,18530.41012,15984.24435,13331.61762,24309.88845,26738.08749,12404.90463,30328.80452,23129.43943,13420.39257,12874.34772,10954.95529,27081.27271,23880.94323
methyl ketone biosynthesis,27.99144455,51.9685654,31.98892309,61.95636345,15.99681622,133.7218113,67.94832268,3.999804754,67.92728012,137.2378759,421.90135,137.1099509,97.8370826,59.96623546
"L-1,2-propanediol degradation",76.22597874,92.53896142,14.99896964,22.55702115,0.0,74.55925431,82.70028208,9.419672753,11.15937291,104.5551022,565.4358005,214.1522575,276.1449879,72.57702311
protein N-glycosylation (bacterial),0.0,0.0,0.0,0.0,0.0,0.0,0.0,0.0,0.0,0.0,0.0,0.0,0.0,0.0
4-coumarate degradation (anaerobic),0.0,0.0,0.0,0.0,0.0,0.0,0.0,0.0,0.0,0.0,0.0,0.0,0.0,0.0
nitrifier denitrification,0.0,0.0,0.0,0.0,0.0,0.0,0.0,0.0,0.0,0.0,0.0,0.0,11.49287327,0.0
"UDP-2,3-diacetamido-2,3-dideoxy-&alpha;-D-mannuronate biosynthesis",94.23404793,38.82453312,18.48020025,75.42048336,19.04761905,77.50429296,62.48979385,32.24891469,58.20652321,192.9683706,648.9070183,352.37165,98.1295996,104.1707154
fatty acid salvage,5884.005709,4056.42895,1852.419563,3039.606366,1728.891893,5228.284377,3658.346201,2596.124692,2539.724854,7156.836234,16959.1427,7857.872459,5288.818881,6980.596361
vanillin and vanillate degradation I,172.958076,121.1932116,49.11140464,94.30653004,74.6403317,169.0133154,140.7397527,98.06866682,46.7648692,228.9273015,1097.717238,423.199022,120.5876099,172.5134465
vanillin and vanillate degradation II,180.6121978,127.2812585,51.82909417,101.0064043,77.11786919,179.9833278,145.8185247,102.3367792,50.72193897,244.6163094,1173.192983,449.1457343,130.8276678,183.7226151
pyruvate fermentation to isobutanol (engineered),40338.20534,51714.54997,54915.04234,35700.17099,32985.46639,32699.20909,38179.45397,37128.38659,26568.70539,65088.50836,52092.52509,30911.9171,29859.29376,45931.16367
"chlorophyllide a biosynthesis III (aerobic, light independent)",180.1532648,137.1957646,0.0,64.4769749,46.01887538,64.42031744,26.70077638,0.0,0.0,105.5022293,684.9045055,190.1349398,46.80074673,98.12627256
pyrimidine deoxyribonucleotides de novo biosynthesis I,28356.05089,36093.84067,36720.04746,27801.70926,35326.21573,48177.65052,28192.40342,46994.44739,34490.13283,80315.64022,32654.80235,81219.27595,49757.41765,38409.12213
UTP and CTP dephosphorylation I,0.0,0.0,0.0,0.0,0.0,0.0,0.0,0.0,0.0,0.0,0.0,0.0,0.0,0.0
pyrimidine deoxyribonucleotides de novo biosynthesis II,24026.11548,30817.75194,31353.87582,23324.28066,29652.48609,40885.93287,23714.4527,39740.40712,28969.18606,73500.89073,29811.68619,71491.67375,42700.9563,32705.59507
superpathway of pyrimidine ribonucleosides salvage,26716.44406,33908.98353,34204.34166,25696.26234,31760.88863,42646.82146,26083.68969,42030.83748,30810.11833,75668.56419,35538.92086,67821.58672,44269.2787,36039.7883
pyrimidine deoxyribonucleotide phosphorylation,24161.60918,30939.4099,31332.30102,23635.91007,30050.93784,41870.75131,23889.67847,40361.99289,29645.35387,71717.84244,29400.52585,72427.55934,43269.83062,32691.70895
pyrimidine deoxyribonucleotides de novo biosynthesis IV,66.38664134,20.99113156,18.64812822,27.3854015,14.55563973,45.46883098,26.23222679,22.14741836,26.82983491,50.72698833,289.2137338,136.9280567,51.86576317,89.0991999
pyrimidine deoxyribonucleosides salvage,23136.37793,28147.09918,29451.39543,21820.85532,22667.02238,23323.5199,22361.75292,26441.28382,19323.55094,43693.07746,28818.22868,25317.92442,23785.17982,29014.08541
superpathway of pyrimidine deoxyribonucleoside salvage,23765.11964,30081.68123,30817.69344,23024.76323,27497.78713,34070.90941,23375.18332,35104.90597,25674.9055,61106.98391,28981.51717,47388.73855,35109.51564,31548.85765
superpathway of pyrimidine nucleobases salvage,30313.84899,40312.13368,40395.02587,29199.17496,38197.78302,55496.44085,29725.94231,52664.07106,38316.01855,105716.0573,46123.49445,102823.4173,58692.30977,42300.29415
pyrimidine deoxyribonucleotides biosynthesis from CTP,94.74912426,29.98035656,26.63480528,39.10684182,20.79039117,64.9308432,37.46078857,31.63322573,38.31650232,72.44765776,411.5351269,195.4739557,74.06254652,127.1653703
superpathway of pyrimidine deoxyribonucleotides de novo biosynthesis,27668.20793,32639.59987,33067.29695,26742.21462,31576.4087,38498.6609,27082.25848,39747.9455,29837.52407,32671.48539,33470.64506,37357.21318,38748.52426,36706.69691
adenosine ribonucleotides de novo biosynthesis,31048.72242,38670.72668,38749.79132,29667.6625,36717.06437,51043.14236,30194.18546,49328.89174,36147.23906,91489.53749,43890.70484,89715.49432,53589.30808,42181.51079
nicotinate degradation I,6.053256418,4.893395012,0.0,20.56105582,0.0,38.05090581,0.0,0.0,0.0,15.98931374,184.1396517,43.02736211,27.1836523,27.14587847
adenosine deoxyribonucleotides de novo biosynthesis II,31200.08794,39216.63559,39989.30194,30700.48587,38614.56047,52076.02384,30994.52105,50935.76306,37620.88085,85290.02136,35883.80416,84681.6578,53080.57008,41723.27825
guanosine ribonucleotides de novo biosynthesis,26235.73857,33629.20991,33295.21049,25264.66064,32888.61347,47884.92493,25594.95545,45217.03966,33153.01069,88342.29573,39158.76542,88113.73739,50511.33372,36690.46911
guanosine deoxyribonucleotides de novo biosynthesis II,31200.08794,39216.63559,39989.30194,30700.48587,38614.56047,52076.02384,30994.52105,50935.76306,37620.88085,85290.02136,35883.80416,84681.6578,53080.57008,41723.27825
superpathway of guanosine nucleotides de novo biosynthesis I,28604.77219,36492.29754,36518.87184,27898.14192,36028.39136,50848.75057,28200.61088,48724.50002,35846.23902,86378.21927,36450.86838,88216.57498,52757.11966,39392.01028
superpathway of adenosine nucleotides de novo biosynthesis I,32785.57116,40780.07236,41114.26739,31614.26282,39169.19734,53636.32804,32067.14867,52171.03009,38345.26808,92891.71187,42495.26166,91376.18238,55831.56434,44260.20148
inosine-5'-phosphate biosynthesis III,25446.51005,32845.79225,32782.35933,24702.85932,31969.51646,45885.12165,25018.69524,43572.53834,31980.26946,82179.16989,33160.9197,82902.53487,48405.47101,35538.30106
"myo-, chiro- and scillo-inositol degradation",881.16,992.84,698.65,608.16,247.66,972.13,709.16,421.83,552.67,2929.33,11805.21,2941.7,991.0,1289.17
D-fructuronate degradation,24672.11559,27743.35526,30000.19595,23146.53831,21422.04814,19523.98293,23677.87754,23451.23525,17183.14717,25254.15153,23265.29279,20252.79965,21021.59943,29681.52161
TCA cycle VII (acetate-producers),26965.13446,33127.73108,35607.55181,25134.97519,22886.11509,19297.06903,26443.40047,24400.49456,17242.38049,28749.22434,12002.58738,9965.534845,16789.4338,29060.89491
ergothioneine biosynthesis I (bacteria),0.0,0.0,0.0,0.0,0.0,0.0,0.0,0.0,7.998135953,23.92202594,0.0,0.0,0.0,0.0
D-cycloserine biosynthesis,0.0,0.0,0.0,0.0,0.0,0.0,0.0,0.0,0.0,0.0,0.0,0.0,0.0,0.0
7-(3-amino-3-carboxypropyl)-wyosine biosynthesis,0.0,0.0,0.0,0.0,0.0,0.0,0.0,0.0,0.0,0.0,0.0,0.0,0.0,0.0
L-arabinose degradation IV,7.971743946,0.0,0.0,0.0,0.0,0.0,0.0,0.0,0.0,0.0,0.0,0.0,0.0,0.0
dTDP-N-acetylthomosamine biosynthesis,20188.66356,18305.75187,18865.85176,19680.61229,18700.13521,16141.94293,19583.61361,19882.34832,15592.3273,4387.566903,15816.3361,4207.821375,15403.55098,24929.39352
superpathway of GDP-mannose-derived O-antigen building blocks biosynthesis,23909.27337,23214.90884,23620.11972,22644.64562,22099.28448,20827.36244,22886.97201,23878.91212,18973.81555,8395.908747,22401.60102,11616.48363,20093.55421,29403.67127
superpathway of UDP-glucose-derived O-antigen building blocks biosynthesis,11104.11666,16503.30293,13974.81871,12303.53549,22264.76391,22576.26763,11726.56957,27130.00057,20994.48633,6971.09218,16311.4933,9366.327926,21275.55638,21680.52238
superpathway of UDP-N-acetylglucosamine-derived O-antigen building blocks biosynthesis,218.7772834,115.1332861,27.97878929,132.3574592,0.0,254.1685696,125.4307867,17.49353124,167.183906,359.0669773,532.8554164,456.0966354,302.7040615,260.7194028
sucrose biosynthesis III,28.48916649,59.95555547,26.99135765,39.27894352,0.0,40.47996071,25.49118064,29.99039853,2.999873765,132.8664426,431.928923,146.1910466,60.70333943,0.0
"1,4-dihydroxy-6-naphthoate biosynthesis II",592.0766048,490.5297717,230.325,408.9171975,193.4470588,498.106035,435.4658159,303.9593868,315.6741542,1002.314555,2711.707003,1408.407783,585.2104425,714.2156485
superpathway of demethylmenaquinol-6 biosynthesis II,95.00296528,54.95826349,0.0,84.50148075,0.0,64.95787448,85.30753722,44.5088638,64.37590439,169.4080484,782.116095,475.0947556,104.0049867,125.0852542
"1,4-dihydroxy-6-naphthoate biosynthesis I",478.1144319,415.8261352,197.6674301,351.2962753,153.3641842,415.0441766,362.3808818,258.7187656,264.3371841,855.8602572,2307.892698,1193.979075,506.8065379,616.7766688
"cob(II)yrinate a,c-diamide biosynthesis II (late cobalt incorporation)",1204.841055,818.7608758,337.4162124,571.2157012,253.3190624,1025.913324,607.3150199,421.2371672,474.0749761,1662.065337,5387.255361,2257.504428,1151.200179,1515.38238
"cob(II)yrinate a,c-diamide biosynthesis I (early cobalt insertion)",140.2906173,233.0849359,0.0,36.47445899,0.0,181.900128,112.7521304,72.26571726,91.29305905,416.6774177,834.6416831,383.6408504,58.01067,30.58630044
isoprene biosynthesis II (engineered),0.0,0.0,0.0,0.0,0.0,0.0,0.0,0.0,0.0,0.0,0.0,0.0,0.0,0.0
taxadiene biosynthesis (engineered),16553.99227,21742.88099,21318.57097,15362.86435,19437.17735,21303.08803,15800.50165,23110.40023,17932.9812,18471.185,21530.69491,18384.75194,21022.44157,23736.62945
L-arginine biosynthesis IV (archaebacteria),23879.2224,29485.98067,30622.64987,22346.30806,23609.26538,24602.8948,23169.52992,27717.84957,19986.20034,35972.07305,30830.62234,25294.01766,24621.31876,29905.98913
aromatic biogenic amine degradation (bacteria),1093.280384,801.8528457,342.6808148,659.2331405,294.2903496,997.4884372,741.0417479,551.5033718,466.0059559,1962.241966,5714.910631,2578.497275,1113.614988,1208.289067
sulfoglycolysis,17154.44882,14886.67898,16435.0,17408.66102,16019.75,11614.91992,17062.03785,15696.07,12495.09739,44.35632785,272.4423423,56.19117246,10659.05087,20169.41988
mannan degradation,631.8942256,598.7382144,335.2760885,584.0065354,222.1715778,862.247364,578.3180568,450.4180114,466.0093131,1314.000924,3028.107934,1599.39273,897.888934,592.3445877
L-methionine salvage cycle III,0.0,0.0,0.0,7.610840132,0.0,0.0,0.0,0.0,0.0,2.732972261,4.337263239,49.56560281,0.0,0.0
6-hydroxymethyl-dihydropterin diphosphate biosynthesis III (Chlamydia),22973.32912,26173.02174,27413.92999,20892.14463,18415.15266,16899.53136,21648.58912,19895.31779,14867.30841,26587.61282,31872.06837,15190.93504,16290.64735,26598.11023
methylerythritol phosphate pathway II,22588.8631,21825.99604,21567.66824,21195.57571,19233.3403,18671.41407,21100.39093,20942.30829,16525.43449,15422.89778,32515.64,15144.79188,18215.59389,27410.42301
methanol oxidation to carbon dioxide,11.87444982,21.4039423,42.32265552,0.0,11.99954412,82.67472546,39.90687987,5.499925627,36.54551611,82.40593394,196.5071488,80.55265518,73.79179686,30.83444506
heparin degradation,69.8310882,44.98176074,8.999074931,32.07714561,9.727161,56.05561127,42.70730489,21.44088319,24.86749675,63.25076728,259.8750057,122.2303973,32.8315699,58.28912665
gondoate biosynthesis (anaerobic),34898.14814,42946.55165,42926.03316,32896.15094,39845.34282,55555.6698,33478.39763,53201.14551,39268.87624,95971.4759,52247.90997,95825.2747,58168.55182,46888.50432
oleate biosynthesis IV (anaerobic),29978.98028,30858.42605,32055.72445,28710.13723,29971.49671,30038.77511,28990.5075,34122.77623,26426.14468,15248.21368,31757.78008,16119.49994,29025.86761,37882.45274
superpathway of purine nucleotides de novo biosynthesis I,28956.43892,36671.01591,36704.20315,27950.32503,35409.6956,49582.23295,28340.28941,47642.24633,35053.24554,85241.04856,38794.87415,86003.69626,51743.89814,39623.64975
mevalonate pathway I,4663.492735,15913.6411,16587.60152,5064.354826,15908.37241,28929.32914,5984.76935,26113.78267,17790.72085,60538.98533,6458.007782,40365.20916,30593.26289,11140.66951
superpathway of L-alanine biosynthesis,35853.3452,41045.97726,42358.31829,34721.77513,40199.86905,42494.65264,35151.53039,48029.3298,36373.70927,25292.47675,28192.20947,21130.95242,42578.64909,47475.82743
ADP-L-glycero-&beta;-D-manno-heptose biosynthesis,18517.26625,16387.81322,17322.01685,18287.94281,16461.55997,13027.60275,18226.08153,16634.86309,13209.54982,3900.346104,15150.86859,4225.340705,12004.61956,21917.8909
anhydromuropeptides recycling,37439.99176,42386.82919,43717.9758,36146.83092,38851.22113,42056.90212,36708.7447,46057.82161,34602.41143,34853.72969,36275.18408,35077.06515,41591.51248,47493.93922
3-phenylpropanoate and 3-(3-hydroxyphenyl)propanoate degradation,20402.62807,18008.39906,19697.4056,20727.30669,19574.31167,14839.03371,20327.4856,19606.13232,15521.37039,119.4240855,851.284016,201.1944534,13777.28147,24360.41814
purine ribonucleosides degradation,23560.6935,30738.03889,31814.44452,23232.81081,30027.64304,41434.4516,23444.0557,40329.60692,29301.32564,77319.26483,19115.89284,73952.99647,44229.4968,32756.66289
superpathway of purine deoxyribonucleosides degradation,25187.8991,31630.66749,32697.09475,24938.07845,31742.4416,42721.64651,25081.57125,42105.31258,30776.92095,75613.92059,18952.68631,72742.79155,45172.35767,34731.68922
superpathway of pyrimidine deoxyribonucleosides degradation,25088.9812,31282.87111,32430.846,25009.75835,31897.75906,42480.55534,25034.14254,42106.64067,30847.23792,68246.57867,18650.16911,70163.93287,44430.95833,34295.70724
CDP-diacylglycerol biosynthesis II,31221.58453,38640.20982,38341.94061,29615.33637,36189.9021,51001.65818,30072.86045,48870.43361,35857.29103,92463.2926,47120.26869,90987.1071,53555.76793,42288.15252
polymyxin resistance,17348.33506,15045.76812,16515.33168,17519.59708,16071.95824,11843.74273,17303.00149,16028.18869,12589.00147,240.3924703,1111.686953,404.5688113,10847.44462,20524.56494
superpathway of heme biosynthesis from uroporphyrinogen-III,21773.26918,21211.05525,22696.32416,21422.88642,20355.94062,16834.4741,21455.05666,21292.23069,16497.87967,6930.031388,14081.15961,4705.063577,15541.16929,25979.949
tRNA processing,21618.71782,21828.28438,22491.37261,20916.55462,21408.8426,20199.23578,20983.29472,23745.18202,18439.22636,7373.214474,22279.99343,8252.754908,19332.56503,27104.86602
methylphosphonate degradation I,22644.09218,19409.55438,20763.11837,22273.65785,20166.35189,15613.75889,21935.408,20006.4022,16063.32583,1431.05889,4679.319522,1929.962098,14533.96283,26707.97737
peptidoglycan maturation (meso-diaminopimelate containing),33264.64133,35909.19199,36224.10466,34017.98331,42246.8812,53589.21544,33533.14584,54155.59744,40588.62002,78495.24676,29837.36854,81523.56765,56279.67445,46945.50146
superpathway of pyrimidine ribonucleotides de novo biosynthesis,28457.73448,35855.536,35887.75791,27299.97517,34230.69787,48334.3581,27715.82263,46239.40003,33940.84315,85586.72029,37816.2678,85629.11392,50487.15968,38668.23527
superpathway of pyrimidine deoxyribonucleotides de novo biosynthesis (E. coli),25897.2011,33107.22894,33674.58923,25237.07224,32266.82757,44516.76702,25668.22997,43222.53975,31637.23787,77970.04881,31519.41227,77081.75507,46313.09523,35235.17207
phenylacetate degradation I (aerobic),21787.33249,19027.12469,20736.90462,21808.50448,19935.36936,14966.12463,21531.98338,19710.30164,15696.58412,228.9115196,929.681881,225.3252945,13803.15016,25579.25123
allantoin degradation IV (anaerobic),19501.53728,17036.6704,18766.92855,19706.67778,18107.94841,13264.75583,19354.10799,17788.69569,14150.83855,185.0405277,622.0098679,168.0476587,12251.63566,22969.6918
2-methylcitrate cycle I,17732.40433,15394.01484,16703.8869,17721.30631,16169.89317,12241.79807,17484.13178,16003.9698,12805.44454,1285.512232,3940.65143,1673.704607,11259.64664,20908.52184
aspartate superpathway,25043.04753,27919.12237,28186.07744,23855.61979,25878.981,28174.2195,24234.19121,30724.64187,23202.98354,29183.4056,28997.45915,25406.64249,28237.61102,32126.4762
superpathway of pyridoxal 5'-phosphate biosynthesis and salvage,26024.88429,24427.77341,24919.9364,25357.97646,24575.82438,22669.1914,25219.79736,26535.6485,21022.05012,9281.281225,20780.98559,12231.96406,21674.81335,32340.928
(5Z)-dodec-5-enoate biosynthesis,29088.6933,29262.66361,30859.86462,27960.1634,28626.31641,27696.54731,28172.25049,32027.44134,24888.1945,22737.79882,29451.58325,17725.57705,27715.81606,36455.10457
mycothiol biosynthesis,17.43911531,32.24786054,19.80699638,38.20957801,9.935379645,82.20717624,41.98300537,2.497639282,41.67851052,85.22568847,266.1075972,90.24996363,60.54448754,37.24977758
nitrate reduction VI (assimilatory),316.8760002,282.9992122,184.1633236,281.0091941,106.3801562,375.5036686,306.3507791,211.1544383,233.4322869,604.5929109,1540.347247,817.9416692,444.173034,427.6122143
phosphatidylglycerol biosynthesis I (plastidic),31935.28298,38258.66482,38595.32489,30641.09112,36544.45195,47368.46948,30973.63853,47122.38907,35009.71801,86589.66618,38939.74789,84251.06827,49719.93065,42712.10194
phosphatidylglycerol biosynthesis II (non-plastidic),31935.28298,38258.66482,38595.32489,30641.09112,36544.45195,47368.46948,30973.63853,47122.38907,35009.71801,86589.66618,38939.74789,84251.06827,49719.93065,42712.10194
mycolate biosynthesis,31161.13364,31937.21334,33073.26669,29786.71297,30837.52054,30738.27251,30139.48819,35021.55743,27161.1455,13636.75903,32544.58347,15292.88831,29308.16821,39246.63498
NAD salvage pathway I,20879.5271,19674.13483,20598.49883,19975.70038,19788.69102,17654.57286,19984.57652,21324.38391,16643.85524,10205.24648,22692.86676,11205.22273,16551.81521,25589.82152
NAD biosynthesis I (from aspartate),21791.59552,21268.98987,21475.19362,20800.00766,20629.31749,20140.2827,20900.72079,22591.0116,17998.70901,9301.034232,20469.13109,13428.5943,19541.33351,27226.6696
pyridoxal 5'-phosphate biosynthesis I,20467.78404,17773.21902,18020.69256,19462.86187,17321.4924,15043.70606,19415.64496,18031.1204,14456.85105,5467.838215,17547.44364,7424.532435,14264.82703,24467.34526
TCA cycle VIII (helicobacter),21712.58507,31236.95099,31809.09101,15357.05498,11204.05682,16649.60492,17846.04077,15931.904,10526.15013,34579.023,21676.73617,12732.97507,16028.95218,23392.15357
L-rhamnose degradation I,18358.80405,15781.21779,16933.74107,18094.23868,16347.10558,12772.41729,17913.14583,16249.50408,13073.42481,1830.518429,5430.009829,2446.986075,11885.8781,21603.64021
flavin biosynthesis I (bacteria and plants),23790.05344,27931.00207,28778.9807,22016.10714,21681.2476,21905.1361,22625.12135,24693.66467,18484.48725,32314.63065,32949.67655,19007.44619,20643.39221,28816.7193
formaldehyde oxidation I,7621.032481,25148.01349,26527.10394,3637.56138,7131.125569,6924.519405,8959.147656,11068.83809,442.5141001,57023.77847,8178.122206,13175.27198,2282.169789,1421.165209
adenosine nucleotides degradation II,39803.7651,43625.66482,45550.84172,38603.70153,42928.43176,44393.75697,38853.22719,50225.65558,38345.09763,11183.18976,23596.01573,14456.9275,44213.28687,52145.05618
superpathway of L-serine and glycine biosynthesis I,24430.03458,27575.67531,28742.05355,22851.43002,23216.36227,26272.26136,23368.6975,27570.80153,20705.49022,44874.36029,35713.35785,34670.50364,27195.94386,31646.08475
sulfate reduction I (assimilatory),27084.8099,30737.41957,33614.93496,25217.02574,23488.39751,19346.29564,26589.35492,24609.3952,18089.90809,23407.85866,15806.70914,8946.989678,17224.43862,30532.4912
sucrose biosynthesis I (from photosynthesis),94.77005576,199.0852646,89.82141998,130.5508526,0.0,134.5873352,84.81226618,99.79820336,9.997324244,435.3364005,1390.823101,476.9341632,201.548788,0.0
superpathway of sulfate assimilation and cysteine biosynthesis,26491.38762,29744.06979,31567.54746,24587.39971,23482.91899,21598.65495,25492.03985,25722.19757,19064.37038,30741.93396,22878.07009,14080.55446,20506.44124,31432.16329
TCA cycle I (prokaryotic),30798.29166,37060.86134,39995.09578,28531.78243,25550.89038,22337.09014,29432.97624,27196.71261,20170.92892,31921.90277,34331.53148,15115.40595,20851.15978,35101.13798
superpathway of glyoxylate bypass and TCA,28184.71673,32958.77011,35450.80316,26392.5625,23950.98206,20146.766,27521.68227,25387.1082,18365.27015,8054.431647,14542.62665,7630.331357,17984.19985,31351.98546
teichoic acid (poly-glycerol) biosynthesis,2391.792155,10953.83065,12244.10834,1725.665876,2372.088198,2555.605667,2716.651117,4184.262356,248.4129719,32479.43456,3298.297694,7460.764144,914.5758908,639.8619706
superpathway of thiamin diphosphate biosynthesis I,22234.71988,21442.91076,21907.21878,20551.7339,18070.67857,16180.99807,20918.00589,19095.94014,14929.27747,9738.168929,24159.81064,10229.40713,15168.24267,25926.37097
superpathway of L-threonine metabolism,17.57240532,15.74329511,0.0,15.73649564,0.0,41.49745353,8.366645006,10.17536578,12.05322121,94.17588843,182.6404235,73.61753871,23.12438597,28.7039176
superpathway of L-threonine biosynthesis,29828.19172,36763.78469,37589.51237,28714.2108,35388.86622,47057.53905,29066.65344,46379.98456,34142.53825,78544.34695,39769.83821,76581.92303,48966.60873,39687.38666
tRNA charging,27132.13541,32396.12166,32224.83382,25820.18254,30625.12266,39897.6456,26206.48683,39488.00324,29560.28051,50650.76651,38340.94067,56544.90402,41318.81444,36441.94604
L-tryptophan biosynthesis,24711.66649,28913.90303,30471.91965,23105.43124,21663.80436,20215.80085,23764.41747,23750.89144,17640.38224,28714.824,30132.15049,14417.3651,18556.70613,28965.22439
L-tyrosine degradation I,1781.232791,1302.552048,635.6688188,1056.908868,509.9069065,1746.396459,1270.463516,903.3987534,868.2511093,1778.847965,5644.672027,2602.977429,1691.531829,2052.498345
superpathway of ubiquinol-8 biosynthesis (prokaryotic),22208.58191,20106.61552,20986.05377,21293.55112,18993.68064,15663.06207,21365.08145,19493.44248,15396.03339,5577.222755,20343.82648,6569.502875,14646.62721,26074.91576
UDP-N-acetyl-D-glucosamine biosynthesis I,24088.03005,31159.07005,31674.72083,23536.92726,30105.10685,41897.80547,23833.95522,40593.52452,29526.68433,77621.38735,29738.33041,74786.80249,44071.39972,33031.90074
L-valine degradation I,0.0,0.0,0.0,5.99614856,0.0,0.0,5.995795166,0.0,0.0,14.98737049,0.0,0.0,0.0,0.0
L-valine biosynthesis,32010.16187,40704.51888,41340.43396,28550.29934,27750.8841,29110.74328,30274.80259,32171.82477,23136.06309,57517.04606,48340.68647,29148.69447,26986.95513,37752.50115
